Angular_Width,27.0,36.0,31.0,29.0,35.0,39.0,42.0,47.0,35.0,39.0,30.0,34.0,47.0,32.0,38.0,36.0,41.0,37.0,34.0,50.0,20.0,32.0,28.0,59.0,40.0,45.0,39.0,23.0,23.0,39.0,38.0,35.0
Velocity,1700.0,1323.0,1334.0,602.0,815.0,1081.0,950.0,1450.0,900.0,870.0,1638.0,1200.0,1020.0,830.0,1225.0,680.0,648.0,400.0,1040.0,974.0,341.0,850.0,538.0,1500.0,944.0,1150.0,930.0,685.0,460.0,670.0,680.0,640.0
Observed,395.0,846.0,558.0,501.0,501.0,711.0,502.0,563.0,374.0,429.0,423.0,419.0,620.0,487.0,483.0,373.0,568.0,352.0,532.0,530.0,564.0,451.0,401.0,483.0,462.0,438.0,461.0,376.0,376.0,383.0,423.0,491.0
Spheroidal,,,,,,551.6731316115997,642.0227246728001,568.1906546941894,,626.5529346769061,,,,714.2180513897131,437.36788905917575,,367.3357814748107,422.394468271967,,483.8248250057763,516.1598985065463,,391.14938052094794,545.8753345448628,604.5156013014872,,421.7250435752359,,348.24987627294337,525.2630489317205,495.6641488423124,526.5709879822994
tt_1.0h,,,,,,487.198549805052,428.52343676376887,378.0974654862839,,576.389391559528,,,,639.1857280283593,332.7126829480366,,301.8178359776031,358.9363627165822,,537.9390266262678,533.9895459780608,,391.14938052094794,506.41315947253355,457.5664370561981,,375.224561036236,,342.7535615127815,388.26174389737656,421.7755011711997,455.05538744253045
tt_1.1h,,,,,,485.2904244996382,434.28736831020467,382.3699151282962,,573.8343830899655,,,,639.0493548056204,336.5958916183658,,301.8178359776031,359.6089347322009,,537.9390266262678,533.7665129258727,,391.14938052094794,506.41315947253355,460.40717088913146,,375.2328487862098,,342.7535615127815,390.0226096245533,420.1558874471238,454.0568432702077
tt_1.2h,,,,,,482.0917080061181,439.11070307345034,386.5948456497568,,573.8343830899655,,,,641.5491830495731,336.5958916183658,,302.1201361009985,360.0719930705515,,537.9725170492244,533.551697992036,,391.14938052094794,508.0525567640084,463.33307311807977,,373.371018599724,,341.5167228948497,391.77974671314274,419.3934044005482,454.06256872998546
tt_1.3h,,,,,,477.40869392892824,443.6744188444797,390.8278140670023,,571.2774765445811,,,,643.8954573594873,340.4744364909602,,302.15013443231584,360.73772148877686,,537.9822534898599,533.5328836431638,,391.14938052094794,508.3656075037234,466.1622024109808,,373.371018599724,,341.52454968572187,393.54509778018013,417.8983898993657,453.1055064387116
tt_1.4h,,,,,,477.4878985280452,447.6092252493485,395.06019437581824,,571.2774765445811,,,,646.2858115422129,344.490304504051,,302.4793563301709,361.3926222700062,,538.0117620598455,533.3024028156648,,391.14938052094794,509.7147783303099,466.25747887425393,,372.25114712152345,,339.06940300532216,395.30158892759704,417.2098619957794,452.18534736367565
tt_1.5h,,,,,,471.31107402796346,451.86071041877716,399.26064281446526,,583.0958013599266,,,,648.5491291941267,344.3994038517061,,302.4793563301709,362.0350347231727,,538.0372786335698,533.3024028156648,,391.14938052094794,510.8281618712732,469.145724638422,,372.2671952786571,,339.06940300532216,397.07532294023906,417.22772362325264,451.2992233743422
tt_1.6h,,,,,,467.7892896968232,455.44970652225453,403.3835020532128,,580.4967053810637,,,,650.8593569846964,348.4817055823953,,302.8242121623563,362.5050436130771,,538.0372786335698,533.0588826107463,,391.14938052094794,510.8281618712732,471.94677808237475,,371.24142104689696,,340.3311917939491,398.8486668153041,416.5705586414097,450.4448579570222
tt_1.7h,,,,,,459.790794916141,458.9752905714894,407.52599151388256,,580.4967053810637,,,,650.8593569846964,352.4671062989144,,302.873081737324,363.13467103349024,,538.060285031166,533.0322379160111,,391.14938052094794,511.75198566924166,474.7875396746182,,371.24142104689696,,337.9555613736842,400.61204964581646,415.9442536693334,449.6205674697734
tt_1.8h,,,,,,451.22652678520126,462.32293894980677,411.6423895341984,,577.9075943078584,,,,653.1468489237036,352.4671062989144,,303.2448142072637,363.7478892845047,,538.0717641738017,532.7706600059416,,391.14938052094794,512.1514555321301,477.6308621028479,,371.26192913367646,,337.9555613736842,402.3980643310821,415.35059891568665,448.8252499786034
tt_1.9h,,,,,,447.076467991629,465.8400699865061,415.6745748275832,,589.9098374234622,,,,655.2805080956972,356.5569906807449,,303.2448142072637,364.22199804066344,,538.0928944454729,532.4941452611284,,391.14938052094794,512.9614439149076,480.4116201326208,,370.33817437590466,,335.7532579048124,404.1692256433725,414.79137464030265,448.0583637315516
tt_2.0h,,,,,,443.61832001917156,469.34592152763406,419.7180557882158,,589.9098374234622,,,,657.4639848445338,356.4244979949808,,303.3046230139207,364.2018781415802,,538.1009514332362,532.4941452611284,,391.14938052094794,513.6707006316227,483.213159879485,,369.51816461451597,,335.7697615508363,405.9326617207197,414.79137464030265,447.3198970153259
tt_2.1h,,,,,,446.8077444210016,472.9637545335043,423.7285826120682,,587.2801052258553,,,,659.549749488026,360.4510690771215,,303.7068431999893,364.7929981726709,,538.1009514332362,532.458194913765,,391.14938052094794,513.6707006316227,486.001426721769,,369.51816461451597,,334.8000877436805,407.69416585256585,415.0228764781539,447.3198970153259
tt_2.2h,,,,,,450.0199585667183,476.48594328496296,427.68164968773067,,599.3562389193406,,,,659.4874153785938,364.4723866162337,,303.7068431999893,365.26917017149395,,538.1181861387671,532.1975651023566,,391.14938052094794,514.1059628285229,488.7532520286746,,369.5490910931192,,334.8000877436805,409.4362346252649,415.14840608433076,446.61033088496436
tt_2.3h,,,,,,453.2047776684672,480.1321151299344,431.63038931108997,,584.6588248747224,,,,661.4845784525298,368.48412834303434,,303.78099158123536,365.83955138840486,,537.689928429999,531.9536986615695,,391.14938052094794,514.7539814025796,491.4936473237904,,370.1946329988041,,334.81947701531635,411.15679862547603,416.62176264159496,446.65208726870554
tt_2.4h,,,,,,456.3871146855875,483.68877837819986,435.49133024847123,,596.6941529733548,,,,663.4749480917167,368.48412834303434,,305.3968816783272,366.3179339659973,,536.700745739883,531.6954579076131,,391.14938052094794,515.3522547744776,494.25224980261845,,372.17055989612356,,333.9118111647223,412.9046657169784,418.11820302108765,446.6804063798685
tt_2.5h,,,,,,456.3871146855875,487.2651327482313,439.37852676940355,,606.2234787585062,,,,665.5175290682348,368.3375277002318,,307.12022452417386,366.864688859582,,535.008289834484,531.916040388877,,391.14938052094794,515.9128952297538,496.9285126978067,,370.2873819060133,,332.1665202027352,414.6284176630042,419.60945599280865,446.00877381184296
tt_2.6h,,,,,,459.50865100747967,490.8158675393134,443.22192701146486,,594.0503010675665,,,,667.5127090195746,372.33090934825884,,305.2806597662546,367.3849588760186,,536.7354767820517,531.6530326984158,,391.14938052094794,515.8115233564573,499.62835508883154,,372.2683675204162,,333.93424384652695,416.35426300359643,421.1085454421315,445.369020871
tt_2.7h,,,,,,459.5629626881218,494.34232198304727,447.01171068715644,,603.5422398126747,,,,669.4053033787798,376.2540156227006,,307.06376935270816,367.86507841445354,,535.056473188051,531.3744150873829,,391.14938052094794,516.3790409639817,499.62835508883154,,374.3137584732811,,332.1930710208343,418.0656097846603,422.59945993949253,446.5524988921907
tt_2.8h,,,,,,462.63017938318876,497.8748118575546,450.74970303808794,,588.7673094352064,,,,671.2675227825875,380.19896980320885,,308.83817039316096,368.35578163921986,,532.5146036764559,531.0792445994941,,391.14938052094794,516.9239292746441,499.72950070848424,,376.3796848534645,,332.00176202430924,419.72988394526254,424.1077693401073,447.9797906112733
tt_2.9h,,,,,,465.7450089298785,501.3023628551,454.51032028151354,,600.8779026018592,,,,673.1571453502825,384.0596042032735,,307.0054417823227,368.8371499316267,,528.9331799334032,530.7665244805007,,391.14938052094794,517.4518210552556,502.3752897431592,,374.40632671979006,,333.11715424626396,421.4315198001403,422.7213693129193,449.4280874791444
tt_3.0h,,,,,,468.85643931119404,504.6963004884215,458.2123588664372,,610.329186701266,,,,674.9342905768713,380.05277614296494,,308.72053709676743,369.32044375365314,,529.0235183997336,531.025288023049,,391.14938052094794,517.9326199614741,505.0671906612932,,376.4737951190343,,331.9762528931545,423.11446722856715,424.23455745529407,450.88118411200446
tt_3.1h,,,,,,471.8998497862448,508.1175987882072,461.9292083251086,,598.2031290835456,,,,676.766447833993,383.8933574850162,,310.4719267346495,369.8055260448503,,529.0235183997336,530.7080533598024,,391.14938052094794,517.9326199614741,507.74546792480754,,378.598751337651,,332.8459423527738,424.77368206539717,425.75679513702244,452.3341039543257
tt_3.2h,,,,,,474.925474259531,511.5085858328016,469.1622845054531,,607.6362798371827,,,,676.6149230253586,387.7846286670124,,312.1795653042391,370.2922602517167,,524.2569555489108,530.444171012565,,391.14938052094794,518.4556173222328,510.4258598225585,,380.7809182947931,,332.81509794697166,426.45915460444553,427.2819530014834,453.7812936473505
tt_3.3h,,,,,,477.9556007960367,514.8528121923778,472.75336569252596,,614.523801555029,,,,678.39594975321,391.57363455982994,,310.3611524068306,370.7805105415287,,524.3910957307445,530.1641340854793,,391.14938052094794,518.9710763933589,513.0671345135668,,378.69145326340015,,332.81509794697166,428.0731908663591,428.7936603060948,455.25480709048935
tt_3.4h,,,,,,480.97499186988495,518.0948627362052,476.2936593726422,,604.9608750755066,,,,678.39594975321,395.35191893855006,,312.08109785135696,371.27057407670867,,518.3035717942215,530.1035844852215,,391.14938052094794,519.4834168782348,515.6796777209357,,380.87276687282673,,333.6764482515317,429.7055555334058,430.2880174055284,456.72575610998445
tt_3.5h,,,,,,483.9423201603377,521.369430949851,479.8620715460409,,611.8219845744195,,,,680.0519032231625,395.1740862312224,,313.7847786137244,371.7618037029146,,518.4632139885667,530.1035844852215,,391.14938052094794,519.9808679974342,518.2940023055396,,383.0172769076306,,334.5428904415261,431.31867455528436,431.78746626335624,458.18129170826876
tt_3.6h,,,,,,486.9110945583528,527.8020091362714,483.3858438784357,,609.1377449251488,,,,681.8184897624942,395.1740862312224,,313.6907685608655,372.253813821981,,518.4632139885667,529.8001031644386,,391.14938052094794,519.9808679974342,520.9281098554177,,383.0877594863173,,333.6445878462947,432.93118432452314,431.92134915817707,458.3102962053252
tt_3.7h,,,,,,489.90298292263105,530.869037197859,486.8445627541338,,609.1377449251488,,,,683.4511275503622,398.93718384684956,,313.6907685608655,372.7464749151658,,510.9788803489973,529.477929200394,,391.14938052094794,520.4951362870588,523.5544649590643,,383.0877594863173,,334.51167210999137,434.5573056826773,433.4325512582305,459.7930759831257
tt_3.8h,,,,,,492.8436551606917,534.023602877942,490.29332787422373,,615.9316025533091,,,,685.0916859322145,402.6285766477397,,315.43099259589735,373.23982506210604,,502.06982189344825,529.4028840365766,,391.14938052094794,521.0094649807245,526.1279644625541,,385.30653495331126,,335.3827628080259,437.7042045858602,434.9456582130179,461.25425539465886
tt_3.9h,,,,,,495.8068457513894,537.1979090352958,493.75705666414524,,615.7868683264284,,,,686.7150322165444,406.316468856878,,315.345801549457,373.18973131679695,,502.32106186202475,529.4028840365766,,391.14938052094794,521.5181274141071,528.6872379023675,,387.5250363926798,,335.3510817736195,439.23519854084617,434.9456582130179,462.73106915768597
tt_4.0h,,,,,,495.79706033085915,540.1913342732015,497.20024935863114,,615.7868683264284,,,,688.228478092954,406.153925927194,,315.345801549457,373.6834480255645,,492.175995497253,529.0576969591164,,391.14938052094794,522.0371819638334,531.2899264043511,,387.61356458830016,,335.3510817736195,440.83314216944257,436.44336497045884,464.19303470080433
tt_4.1h,,,,,,498.6936669525594,543.1750488131792,500.6180624906088,,613.0771221995457,,,,689.8331011133724,409.7996208899889,,317.1087255073023,374.17752566569357,,492.175995497253,528.7654478422014,,391.14938052094794,522.0371819638334,531.3572655681329,,387.61356458830016,,336.22607346558004,442.35296319370474,437.91421995669435,464.19303470080433
tt_4.2h,,,,,,501.5917407213186,546.2125722689011,503.9927389294221,,613.0771221995457,,,,691.4143112773518,409.7996208899889,,317.0296626852896,374.67184320256194,,481.03129908286485,528.6900955927282,,391.14938052094794,522.557643770693,533.947365355938,,389.84843614462596,,336.1941478358689,443.93075012533427,439.4045605652288,465.6352979358926
tt_4.3h,,,,,,504.46853294289707,549.1646180952328,507.34234146807313,,619.8047467825788,,,,691.3262162430574,413.3540192421036,,318.80666708852925,375.16628222484286,,481.38031183447947,528.3720713181584,,391.14938052094794,523.0769164939359,536.4443196222691,,389.93561413834766,,336.1941478358689,445.39541810384645,440.8702531579632,467.10997548175607
tt_4.4h,,,,,,507.3523452327347,552.0843106591287,510.6762468453868,,617.1087263399456,,,,692.7990617044172,416.95376334078503,,318.80666708852925,375.6607270614735,,481.7426460323874,528.3720713181584,,391.14938052094794,523.6026436423697,539.0125850510589,,392.1742208246406,,337.0722997609488,446.9347573398336,441.0016597708011,468.54127401213873
tt_4.5h,,,,,,510.24000714413245,555.0355154832039,514.0169195753787,,617.1087263399456,,,,694.2642575882006,416.79761998697956,,318.73379734494097,376.15506488796115,,470.08926319149384,528.0338143709525,,391.14938052094794,524.1309135838485,541.5506265658813,,392.1742208246406,,337.04034647047956,448.4176058130625,442.5137742177485,470.0212598438969
tt_4.6h,,,,,,513.0919002932213,557.9166787480426,517.3062490674471,,614.4109953936016,,,,695.801158134901,420.3271834560015,,320.5216437245235,376.6513375723801,,470.08926319149384,527.9413437301338,,391.14938052094794,524.1309135838485,544.102014437105,,394.3908353940088,,337.92092812912387,449.94747342119496,443.9965746922909,471.4548651433747
tt_4.7h,,,,,,515.888651173905,560.8203591131729,520.6123133089304,,621.0457370855943,,,,697.2465664819886,423.82912738248353,,320.5216437245235,377.14799481357056,,470.48742378808015,527.5729733925488,,391.14938052094794,524.6602719562319,546.6369997106611,,394.47288227376464,,337.92092812912387,451.41110526251657,445.422244528518,472.9269574684172
tt_4.8h,,,,,,518.6587074883203,563.5982543710539,523.8961813711827,,621.0457370855943,,,,698.6839807401376,423.82912738248353,,322.3035939095511,377.6445213232386,,458.7492587485483,527.2270975927164,,391.14938052094794,525.1946525006446,549.0840058442833,,396.7485376128464,,337.88916207356004,452.89373564461465,445.422244528518,473.0519255901122
tt_4.9h,,,,,,521.4926781633138,566.3850528636522,527.1424811742661,,618.3850547052158,,,,700.1187478439739,427.28445487982816,,322.23135504840417,378.14081073471596,,447.3797376225137,527.2270975927164,,391.14938052094794,525.7324186960514,551.645726826384,,396.7485376128464,,338.77145650837275,454.333261808112,446.89552365600076,474.48431975686003
tt_5.0h,,,,,,521.4926781633138,569.2046034994906,530.3959059263909,,622.6056566873075,,,,701.488639259865,427.07984938450903,,324.022907786712,378.6367595815872,,447.83717079084,527.1340862010339,,391.14938052094794,526.274397993735,554.0955162932077,,396.8249670239625,,339.6542844187234,455.81971667043496,448.3358169659551,475.95082926547286
tt_5.1h,,,,,,524.3397883279348,571.9225891911753,533.6236472662797,,615.6983711118066,,,,701.488639259865,430.5688309538398,,324.022907786712,379.1322673614204,,447.83717079084,526.7941710688749,,391.14938052094794,526.274397993735,556.6154593214333,,399.05314261991947,,338.74008971205313,457.2614918116673,448.4905091220862,477.3807928904745
tt_5.2h,,,,,,527.1250983071855,574.7066349182692,536.8055747679595,,622.2604210780206,,,,702.8860684955583,433.95062145696295,,323.9527133480701,379.6272365890741,,448.29577274679406,526.431995960545,,391.14938052094794,526.817004702919,559.0790298951964,,401.3315391927011,,339.623396550788,458.7106857841097,449.97333808720026,478.8399853515711
tt_5.3h,,,,,,529.8782074036844,577.3336020889184,539.9375624506819,,626.402187283208,,,,702.8163916311008,437.36788905917575,,325.74833602671873,380.1215728391358,,437.7409687643543,526.0461359441568,,391.14938052094794,527.3634307204684,559.0790298951964,,401.3315391927011,,340.50915935448967,460.13108179355896,451.3691223842151,480.2718627886482
tt_5.4h,,,,,,529.8014134672005,580.1540210318863,543.184006057456,,619.566399575733,,,,704.1770436414702,433.81088637088806,,327.5541601270231,380.6152778552038,,431.74350163029146,526.0461359441568,,391.14938052094794,527.9140749205216,561.5248249135901,,401.3943845896661,,340.50915935448967,461.5218867886534,452.81155517015065,481.71670328998954
tt_5.5h,,,,,,532.6180351031772,582.7604476412055,546.3985315799966,,623.7337476657067,,,,705.5079036996444,437.16124961332923,,325.6841801921111,381.10836658037954,,433.64474357160145,525.922517367899,,391.14938052094794,528.4666650515335,561.5843874580755,,403.6225574123012,,340.4762756249543,462.97391068726984,454.2195068883992,483.15500068259104
tt_5.6h,,,,,,535.3572100152201,585.5104933932529,549.5661292097693,,616.8629921789396,,,,706.8158682180184,440.5500145409274,,327.48452989638514,381.6007546815257,,431.92431760350354,525.5417341489132,,391.14938052094794,528.4664051731227,564.0156241216623,,405.8877352361457,,341.3650558853466,464.36865593290304,455.67898657284064,484.577104206303
tt_5.7h,,,,,,538.0567725322155,588.0551046334656,552.7029738943098,,621.0683426548084,,,,708.1095167116796,443.8437216879837,,329.2917606787704,382.09236080110634,,433.8188928644197,525.1811439218021,,391.14938052094794,529.0223663631672,566.4908042851321,,403.687071774667,,342.2534642059342,465.795278153665,457.0869025396513,486.02645276526414
tt_5.8h,,,,,,540.7937136165281,590.7498732063951,555.7545478731696,,627.486102106453,,,,709.3552929053321,447.1811429682549,,327.4213264951231,382.5831065686118,,435.6857617379986,524.7964205898548,,391.14938052094794,529.582161193464,568.9415961553725,,405.9611661949856,,341.32966473418935,467.2252205426304,455.8357538952037,487.41581152256975
tt_5.9h,,,,,,543.5510730936802,593.2891959660551,558.9283507331592,,618.4098604774213,,,,710.5820904393978,446.96882770560495,,329.22834938538375,382.5303046063947,,437.6105060871175,525.0562076100765,,391.14938052094794,530.1442228363559,571.3550162982909,,408.149209815494,,342.2215273536235,468.5393913092105,457.22628938564344,488.8811292152681
tt_6.0h,,,,,,546.2202598010734,595.9296820115528,562.1131873007932,,624.7990157483811,,,,711.8203819286798,446.96882770560495,,331.0379243913312,383.0214362314243,,437.81226990428536,524.6606020157261,,391.14938052094794,530.7097214436569,573.7463264810989,,410.4165136866921,,343.1088715030883,469.9628200830487,458.64201737097443,488.9935629506526
tt_6.1h,,,,,,548.9331782845841,598.4693360544978,565.2098019313617,,628.8980447658774,,,,713.0416701058276,450.2465020851049,,330.9764881408521,383.0214362314243,,437.81226990428536,524.2385009649526,,391.14938052094794,530.7097214436569,576.1883205494711,,408.22295329548746,,342.18703469477197,471.3498332849517,460.0162212479235,490.42619898974544
tt_6.2h,,,,,,551.6731316115997,601.0245540196162,568.1906546941894,,622.121708122739,,,,714.2180513897131,453.51078424345314,,330.9764881408521,383.5116172534094,,439.692765521622,523.8304843587962,,391.14938052094794,531.2781146928749,578.5715346636183,,410.46676451614553,,343.0781456215456,472.7062655534537,461.4554397837813,490.42619898974544
tt_6.3h,,,,,,554.2957327127244,603.5938276291927,571.4034748988465,,626.2123473168494,,,,715.3928542721815,456.72601176590285,,332.7914583247201,384.0007760638028,,441.5706826903243,523.6923774460404,,391.14938052094794,531.8496464826919,581.0282504640209,,412.6661452982932,,343.96383368073435,474.13038987778776,462.83634910715296,491.81017591701885
tt_6.4h,,,,,,557.0177250652066,605.9817261142322,577.4938432185786,,625.7240028070609,,,,715.4016341188376,456.568978248951,,334.6074211639982,384.4888439873135,,443.40955114654963,523.6923774460404,,391.14938052094794,532.4243298282827,583.3229794782329,,414.94234304517926,,343.93450236179757,475.4802516211216,464.2254487487946,493.2650376206713
tt_6.5h,,,,,,559.7144243678841,608.566578105494,580.6277249282728,,625.7240028070609,,,,716.5501259906126,459.7502873728742,,332.72829038262944,384.97916133371916,,443.6264919782262,523.2920169159293,,391.14938052094794,533.0022877691719,585.7851122744758,,412.71972427704463,,343.93450236179757,476.8082238885428,464.3735489142667,494.6610309565665
tt_6.6h,,,,,,562.3096057588241,610.9960899411129,583.7364931012451,,629.765789515757,,,,717.6709117883083,459.7502873728742,,334.54819028949214,385.4706744551871,,443.6264919782262,522.8642949775183,,391.14938052094794,533.0022877691719,588.0357818049605,,414.98996850985225,,344.81975296888385,478.2037383276478,465.77795574943303,496.07342488939565
tt_6.7h,,,,,,562.3156333607733,613.4902722016014,586.6979475096393,,623.0850712272944,,,,718.8036952077823,462.89035880134503,,336.3686167172249,385.96111274549736,,445.5208084305283,522.6976970016229,,391.14938052094794,533.5832986728212,590.4991381973163,,417.17983571745225,,344.79021013367606,479.51945408556026,467.13208529861697,497.4967625866481
tt_6.8h,,,,,,564.9645893398632,615.9718051199889,589.8365236929952,,627.1345393091552,,,,718.8036952077823,466.01506337298304,,336.30753556339846,386.450411405193,,447.37552641720544,522.236874560358,,391.14938052094794,534.1690742207746,592.8339922905355,,417.2216333747174,,345.67876329942834,480.8834448695286,467.13208529861697,498.86366466947254
tt_6.9h,,,,,,567.57633095995,618.3178120145453,592.9102569444332,,624.4481100589351,,,,719.9197413285129,465.87266909541404,,336.30753556339846,386.93850835636965,,447.5556572347634,522.236874560358,,391.14938052094794,534.7571417615883,592.867097548374,,419.48249194520355,,345.67876329942834,482.2672549711539,468.5469783175883,500.2968885311892
tt_7.0h,,,,,,570.2879932326146,620.8480058686215,595.8024162590873,,624.4481100589351,,,,721.0424293369695,469.0061852073847,,338.1320816250213,387.4253442137412,,449.395374853333,521.8318277220504,,391.14938052094794,535.3477332673441,595.1169948724121,,419.48249194520355,,346.56935768513597,483.59121850544045,469.85149495735016,501.69623750877753
tt_7.1h,,,,,,572.8253152447206,623.2397148254045,599.0079583678219,,628.495974533906,,,,722.1455875725144,469.0061852073847,,338.0689300146153,387.91086225087764,,449.395374853333,521.6674618644976,,391.14938052094794,535.3477332673441,597.5322701617154,,421.68347815032837,,346.53687761156203,484.9042131014415,471.25310400810906,503.0482732474868
tt_7.2h,,,,,,575.5478995793011,628.0083958748461,601.9591585395517,,625.8803737816604,,,,723.2467273388602,472.0950152493717,,339.88278954035763,388.3950083619296,,451.30477234543304,521.2252773685193,,391.14938052094794,535.9414866455481,599.8363824346869,,421.7250435752359,,346.53687761156203,486.25762530754406,471.4058606703522,503.2003797818502
tt_7.3h,,,,,,578.1040398237424,630.35946518513,605.0071120309818,,625.8803737816604,,,,724.304832316494,475.1638390726393,,339.88278954035763,388.87773101913723,,451.5055757975485,521.2252773685193,,391.14938052094794,536.5404420956913,602.1630890604666,,423.935337166795,,347.42446360455807,487.5649373474034,472.7750895638075,504.5898719362612
tt_7.4h,,,,,,580.7814580776171,632.6375651214345,608.0871661871776,,625.2314046697703,,,,725.374230986697,475.0325129902404,,339.8264308699089,389.35898122644534,,453.32417456717303,520.7553497283709,,391.14938052094794,537.1409072695286,604.5156013014872,,423.935337166795,,347.39384200988235,488.86099159517465,474.1045279294493,506.003081818927
tt_7.5h,,,,,,580.7814580776171,635.0859926728295,610.9645988596089,,629.1609720267263,,,,725.2805905076525,478.0689850493798,,341.62964215011954,389.8387124695215,,455.16092075209474,520.5637961179469,,391.14938052094794,537.7461852836996,606.7279780824576,,423.9716258643607,,348.2782114787903,491.5623324278236,475.4811814547612,507.3626975339267
tt_7.6h,,,,,,583.3686413384584,637.4031401094697,614.1447758966128,,629.1609720267263,,,,726.3021268632777,481.0908796272187,,341.62964215011954,390.31688066248404,,455.16092075209474,520.1305710649772,,391.14938052094794,537.7461852836996,609.1248146278662,,426.1669115085403,,348.2782114787903,492.83195205548736,476.78030833264285,508.7475691102709
tt_7.7h,,,,,,585.9942402687136,639.6211596167517,616.9739748663889,,626.5529346769061,,,,727.3534106575922,481.0908796272187,,341.5779301752912,390.7977341366458,,455.3789339786326,519.6819187803226,,391.14938052094794,538.3525223502721,611.3931290692998,,428.3451258228422,,348.24987627294337,494.2103263456211,476.78030833264285,510.1518921864624
tt_7.8h,,,,,,588.590354455666,642.0227246728001,620.1459059803707,,630.4967468707155,,,,728.3746052021843,484.09500824082323,,343.3783750324437,390.7437364726199,,457.23644134706785,519.6819187803226,,391.14938052094794,538.9619728243532,613.6376979776304,,428.3451258228422,,349.13379882656886,495.5456049961448,478.13069684755163,511.5042426487915
tt_7.9h,,,,,,591.1979139249725,644.316841593374,623.0506797121723,,623.9152987026167,,,,729.3987268540968,483.93753149217014,,345.17548002964344,391.22037997858365,,459.0400883045709,519.2051064047984,,391.14938052094794,539.5745234787543,613.6376979776304,,428.37412439819826,,349.13379882656886,496.78925484365635,478.27263334413567,512.8700070894782
tt_8.0h,,,,,,591.1519845309728,646.4972726566723,626.1161899121697,,627.9016439579159,,,,730.3806183836722,486.92751313720754,,345.17548002964344,391.69536909004313,,460.92257197986106,519.0006904309729,,391.14938052094794,540.1901652476147,615.9995288069966,,430.58498514413543,,349.1047784673501,498.07880494869266,479.66116345385825,514.2727254268513
tt_8.1h,,,,,,593.6206918557601,648.8124110793735,629.0886867558405,,627.9016439579159,,,,731.3573283536908,489.8816435095018,,345.11954659811465,392.1724149757015,,460.92257197986106,518.5273964207576,,391.14938052094794,540.1901652476147,618.2077048921547,,432.7623631170702,,349.9927235890191,499.42169650518815,480.97206648342006,515.6247846331795
tt_8.2h,,,,,,596.3134375729737,651.1308508132868,632.0813396422552,,625.3504614732562,,,,732.3201312822471,492.820592834861,,346.91499407151576,392.651090040632,,461.1331660860322,518.0681649307795,,391.14938052094794,540.8101405593625,618.2426203689301,,430.64953881110233,,350.8811904443322,500.72279161204744,482.28391925705756,515.6247846331795
tt_8.3h,,,,,,598.7833903896994,653.3138708385148,635.0781168620424,,629.2948281768516,,,,733.2839940553175,492.820592834861,,346.91499407151576,393.12812456607793,,462.9423340981578,518.0681649307795,,391.14938052094794,541.4334010280689,620.4049882837407,,432.8093196628114,,349.95827262371427,501.9759901958377,483.6276632315238,516.9539372030367
tt_8.4h,,,,,,601.4550718771991,655.4097224557883,638.0340685596175,,622.7512601207321,,,,733.2839940553175,492.628225008503,,346.85048544528496,393.6034801659886,,464.77131324265673,517.8621202601395,,391.14938052094794,542.0583092482354,622.7497714780687,,435.0131892503271,,350.8503843070065,503.2995635037677,484.8999195503759,517.0993048938441
tt_8.5h,,,,,,603.9375103808619,657.7589975512042,641.0337892482701,,628.3945567257491,,,,733.1773681824656,495.56556152903534,,348.64387360511796,394.07712044968645,,466.6485474891087,517.3602276348412,,391.14938052094794,542.6862752413986,625.0111387046113,,437.2012677887401,,351.7347576739935,504.64155182881933,486.2625853948269,518.459931952897
tt_8.6h,,,,,,606.5609999818695,659.9743081058002,643.985733505054,,632.1546631282866,,,,734.1146197064697,498.50462947997653,,350.4337737694217,394.5490109606031,,464.9988261908559,516.8574030174912,,391.14938052094794,542.6862748906613,627.1753969550716,,435.076831905588,,350.8159140271625,505.9249507156889,487.57944303649,519.8509918125729
tt_8.7h,,,,,,609.0983103346774,662.1019905232127,646.9580849733546,,625.7867906576629,,,,735.0374771503632,501.43172274602875,,348.56988209663234,395.01911911349913,,466.84150316090825,516.3833451744339,,391.14938052094794,543.317737281178,629.4879129438107,,437.2625082062872,,351.7065270085709,507.16529052777656,486.4078917196773,521.1936437552799
tt_8.8h,,,,,,611.651660466958,664.1987615477724,649.935770814905,,629.6371825216705,,,,735.9531092154455,504.2965197990348,,350.3607224385707,395.4874141303676,,468.61026531012226,516.6480797077918,,391.14938052094794,543.9526000629772,631.746564606236,,439.4281060896752,,352.58644648672885,508.5149798227062,487.75547544622646,522.4936275139679
tt_8.9h,,,,,,614.222537140182,666.4793681657818,652.8466252969965,,627.0483204090524,,,,736.8640729702989,501.24223307509556,,352.1479773408303,395.9538669752199,,470.5005767356619,516.1598985065463,,391.14938052094794,544.5897206893344,633.8776375888787,,439.4579327613275,,353.4769359843149,509.8370345226173,489.01872427196037,523.8997041831107
tt_9.0h,,,,,,616.6813488113243,668.6524689370048,655.866911721774,,627.0483204090524,,,,737.7526176894439,504.0890027162935,,352.0722234930799,396.41845028793733,,470.6984598779818,515.6413874623748,,391.14938052094794,545.2300460684468,636.1053236801544,,439.4579327613275,,352.5609168532296,511.122493881277,490.31214744322773,525.257946684284
tt_9.1h,,,,,,619.3256589703324,670.7469910279945,658.6627613101055,,630.8342677516713,,,,738.6114503075271,506.9290095553664,,352.0722234930799,396.8811383173597,,470.6984598779818,515.1188815614726,,391.14938052094794,545.2300460684468,638.3584580945378,,441.5936148331586,,353.4428536041119,512.3555863863728,491.651907313136,526.5709879822994
tt_9.2h,,,,,,621.7372469138888,672.7741760538656,661.7729912334413,,628.2970112677772,,,,739.5058657515706,509.82701773887953,,353.8478990763623,397.34190685376524,,472.47133509133226,514.8902603570016,,391.14938052094794,545.8753345448628,640.5176381118341,,443.77421658499475,,354.33110045380994,513.7015571514953,492.93214020324547,527.8994808468177
tt_9.3h,,,,,,624.3442438277787,675.0049845594767,664.4297028405617,,628.2970112677772,,,,740.3358955525899,512.6887451886937,,353.7840702545638,397.8007331608955,,474.35757337547216,514.8902603570016,,391.14938052094794,546.5215411326856,642.6324877776917,,443.80254287123716,,354.29968321847787,515.0243716911463,494.18839809699745,529.2806593519475
tt_9.4h,,,,,,624.1547591840266,677.1553490160688,667.6383771142872,,631.958858708911,,,,741.1793419198306,512.5235483093086,,353.7840702545638,398.2620054125517,,474.5586795630758,514.3817503100407,,391.14938052094794,547.1707580359513,644.9296958364438,,443.80254287123716,,354.29968321847787,516.2885555829978,494.35657381848915,530.616825254219
tt_9.5h,,,,,,626.7921887529926,679.2164300174073,670.3713699786875,,625.6856151643551,,,,742.0002162682955,512.5235483093086,,355.55656683172793,398.7243185138793,,476.30876570001794,513.841876655716,,391.14938052094794,547.8231515469566,647.0996993668293,,445.96344367714084,,355.1831364653471,517.5138112184311,495.6641488423124,531.9105017313692
tt_9.6h,,,,,,629.2108251274819,681.1918096589427,676.2776272923404,,629.3893142297078,,,,741.9528379131648,515.2913437578845,,357.3128349391036,399.18467875903355,,476.30876570001794,513.5751394370202,,391.14938052094794,547.8231515469566,647.0688492919122,,448.12649349905377,,355.15449398753236,518.8172137179821,495.6641488423124,532.0714565330271
tt_9.7h,,,,,,631.776768836597,683.2871930956618,679.1258195787016,,626.860674859497,,,,742.7645906253605,518.1106913603875,,357.23790309392524,399.64306199146216,,478.2132182246051,513.0579136436926,,391.14938052094794,548.4783778369775,649.2287086862182,,448.1805438622073,,355.15449398753236,520.1387961957857,496.96450387364985,533.3552666738092
tt_9.8h,,,,,,634.2982764656881,685.4298338472137,682.1080972727967,,626.860674859497,,,,743.5624725608859,520.9547114772247,,357.23790309392524,399.5694852713281,,479.9879781416109,513.0579136436926,,391.14938052094794,549.1365985269656,651.2848365875229,,448.1805438622073,,356.0328728209238,521.4275973644366,498.2240924934593,534.7086019140794
tt_9.9h,,,,,,636.6397459729059,687.4968918578769,684.7031302493625,,630.5126774196402,,,,744.3245690252473,520.7875904604974,,358.9907049920603,400.027252375978,,480.1784965961926,512.5243162634692,,391.14938052094794,549.7983036531748,653.4721791889417,,450.31647829456244,,356.00710643189996,522.6776796395767,499.5123608883268,536.0661177197179
tt_10.0h,,,,,,636.6397459729059,689.4602414753904,687.8314844575999,,628.0244630322134,,,,745.064723262247,523.4996073281426,,358.9028918634601,400.4830861697889,,482.0641631093893,512.2492777902308,,391.14938052094794,550.4625108876487,655.684138684082,,450.34291626231305,,356.88015568229935,523.9071596820786,500.83792208341606,537.381838048209
tt_10.1h,,,,,,639.2941731153569,691.358960773877,690.5808688371221,,628.0244630322134,,,,745.064723262247,523.4996073281426,,358.9028918634601,400.9368752505075,,482.0641631093893,511.67788175200513,,391.14938052094794,550.4625108876487,657.7887437566857,,452.4535134651512,,356.88015568229935,525.2630489317205,501.0015917309989,538.6581349720113
tt_10.2h,,,,,,641.7342483255884,693.4680817580858,693.4075912900807,,626.7358476921293,,,,745.9965488042801,526.2987733349584,,360.6500063713718,401.3885979547841,,483.8248250057763,511.1466752118505,,391.14938052094794,551.1298730811775,659.8007260953962,,452.4535134651512,,356.8573584690031,526.5782945450566,502.26716641661466,539.9852542992692
tt_10.3h,,,,,,644.157437987182,695.5537385184016,696.3304234994679,,629.005779878656,,,,746.9837183614774,526.1711026219465,,360.580352556748,401.8382335833894,,484.04752071796423,511.1466752118505,,391.14938052094794,551.8020571046579,661.9806525883118,,454.62264540286446,,357.73497964050887,527.8555749538979,503.4905789953751,539.9852542992692
tt_10.4h,,,,,,646.7266200117098,697.5208562260887,698.86722584237,,629.005779878656,,,,747.9802180261138,528.9093636122303,,362.30786183945526,402.2857623280012,,485.9091947416911,510.8615726413898,,391.14938052094794,552.4765297147263,664.1554015826156,,454.68333490813416,,357.73497964050887,529.0954158386181,504.76734114189105,541.3407364350073
tt_10.5h,,,,,,649.0922612769153,699.4326358585572,701.9051471500522,,627.6105155713631,,,,748.998688187343,531.6151876583256,,362.30786183945526,402.73116519404306,,487.6703996488222,510.2797677904538,,391.14938052094794,553.1536132018198,664.1554015826156,,456.7746999566516,,358.6174566864203,530.3553658277219,506.07688877322954,542.6561546974036
tt_10.6h,,,,,,651.5796589944812,701.294416505368,704.6355943848488,,629.9128740138283,,,,749.0168649842077,534.3788992619573,,362.22621007844356,403.17442391708886,,487.6703996488222,509.7159293719763,,391.14938052094794,553.1536132018198,666.2256444332875,,456.7746999566516,,358.5874522995683,531.6988896515761,506.07688877322954,543.9337752252217
tt_10.7h,,,,,,651.4238553186912,703.2443346693757,707.2422724176517,,625.031854799823,,,,750.0610441266077,534.3788992619573,,363.96181265895035,403.61552086842534,,487.9113594469428,509.15097866303665,,391.14938052094794,553.8327605893213,668.2041855470018,,456.78269515656814,,359.4644696903323,533.0009161286742,507.3280394695389,545.2013322882444
tt_10.8h,,,,,,653.9808578177125,707.2127859468297,710.2188950030717,,627.4029759849525,,,,751.118740968144,534.2139500213759,,365.694086811322,404.05505086811223,,489.73386413371196,509.15097866303665,,391.14938052094794,554.5148729510827,670.3115888095873,,458.9267354560517,,359.4644696903323,534.2641094854702,507.5189450612509,545.3649031860896
tt_10.9h,,,,,,656.4780795068185,709.0852346421822,712.7944909467038,,627.4029759849525,,,,752.1780613945648,536.858974208301,,363.87985244372265,404.49350279225695,,491.5289681108704,508.8352798208516,,391.14938052094794,555.2001297326984,672.4629022110278,,461.05713706895824,,359.43742743149284,535.4910062666047,508.7657500330544,546.6367333239572
tt_11.0h,,,,,,658.7663581263196,710.89966996031,715.5264451790241,,625.9096641203761,,,,753.2380225747107,539.6357444687426,,365.6090240996315,404.9308647336825,,493.3713162804818,508.2378771194872,,391.14938052094794,555.888169997458,672.3190324837207,,461.05713706895824,,360.3087986211161,536.7368730426468,509.9659726558103,547.9957438103321
tt_11.1h,,,,,,661.2908664590359,712.6540521962564,718.3458885498504,,628.1913665667481,,,,754.3537288904738,542.3010157987991,,367.3357814748107,405.3671255685633,,493.3713162804818,507.6680721512243,,391.14938052094794,555.8881699962458,674.4736846260038,,461.1123752739564,,360.3087986211161,538.0723617876333,511.2736270979447,549.316581948228
tt_11.2h,,,,,,663.750957158719,714.5709668736109,720.8100379077675,,623.3398102482474,,,,755.4763130099243,544.9544504383574,,367.3357814748107,405.80227492242386,,493.5589728108888,507.6680721512243,,391.14938052094794,556.5815122020672,676.5342948846632,,463.18180762721346,,360.2847886400051,539.3688002019121,512.5461204573237,550.6013822742821
tt_11.3h,,,,,,666.037880106212,716.493940567572,723.5853359268663,,626.6752538404171,,,,756.6072481815543,542.0984408466175,,367.25876287317385,406.2363031363063,,495.4009340480492,507.33809114106083,,391.14938052094794,557.2755044888198,678.5054408009312,,465.2557502449343,,361.1503495128933,541.8543495315283,513.7586458008908,551.8522060134088
tt_11.4h,,,,,,668.521228223593,718.3423846353137,726.2994772233169,,628.9881920335422,,,,757.7282505244757,544.8780606229145,,368.9797357044044,406.6692012331587,,497.195193123968,506.7172821558096,,391.14938052094794,557.9726313510486,680.4167263840307,,463.17830494728724,,362.03203549379964,543.0480712654132,514.9976803616123,553.1419215198272
tt_11.5h,,,,,,671.0028994916054,720.138538228464,728.6662416644011,,624.1992290334107,,,,758.8483650685947,547.510715868824,,370.69737440777095,407.1072188172848,,499.0523895535698,506.1392332440735,,391.14938052094794,558.672536359993,682.5526806883233,,465.32333925617223,,361.1294342220974,544.3840902077721,513.9684498366369,554.482716458378
tt_11.6h,,,,,,673.2900232788879,721.8725551472463,731.4316933111654,,627.4492910099356,,,,759.9670148953726,550.1478369158662,,368.8850116002492,407.54466812204106,,497.345850535668,505.5266706806481,,391.14938052094794,558.6725363596469,684.6179090319187,,467.4126962712807,,361.99926170847436,545.6869199592707,515.1797815824575,555.788113725005
tt_11.7h,,,,,,675.6335724288799,723.5513526987428,734.0554879130065,,624.9498687747391,,,,759.8426329691908,552.8732397471708,,370.6022849472565,407.484774521535,,499.27387129469673,505.79313045465614,,391.14938052094794,559.3753925073337,686.6155910848178,,469.49661781813296,,362.87582620758144,546.9547680131375,516.4509191911825,557.0600961158989
tt_11.8h,,,,,,678.1236539332027,725.244685711227,736.3572641698713,,624.9498687747391,,,,759.8426329691908,552.6757112933192,,372.31722010747353,407.91661853398466,,500.9775984702886,505.1594296683789,,391.14938052094794,560.0837114799735,688.522900445372,,467.44110820434423,,362.8460120458836,548.189860900644,517.7472578671192,558.3005732957213
tt_11.9h,,,,,,680.4434657609819,727.0993443412028,739.0664658411134,,627.3063078514938,,,,760.9688912288567,552.6757112933192,,370.53116360869734,408.3472892110414,,502.89252562093645,504.5684535631095,,391.14938052094794,560.7953641930043,690.3625513423539,,469.5112045078976,,362.8460120458836,549.3943132976673,518.9650879250584,559.5648104304921
tt_12.0h,,,,,,680.3926230559962,728.8805812058681,741.6243417186316,,622.3939043660808,,,,762.100053599961,555.3496755515407,,372.2419188502493,408.7770627497098,,503.0957909867423,503.94393825610535,,391.14938052094794,561.5071162210371,692.4433070604663,,471.63881729491504,,363.71680592545863,550.612123973624,520.1445082687587,559.7159454990613
tt_12.1h,,,,,,682.6945670469543,730.6061017041756,743.8475688678913,,625.5387701491425,,,,763.223389420696,558.0036615863783,,373.94931065025463,408.7770627497098,,503.0957909867423,503.56305114529135,,391.14938052094794,561.5071162210371,694.4568863826778,,471.68575521627275,,363.6899998778676,551.933560865043,521.3903354865448,560.9632943163484
tt_12.2h,,,,,,684.8640600178094,732.2705111275691,746.5044780207301,,627.9455742511989,,,,764.3431991339783,560.5447971057721,,373.85194334686906,409.2119640319371,,504.91281069066457,503.56305114529135,,391.14938052094794,562.2228714283073,696.4216522166209,,471.68575521627275,,363.6899998778676,552.0355291368768,521.5565144859048,562.3000877994389
tt_12.3h,,,,,,687.3701880528677,733.8820593648759,749.1328818745269,,622.9752337988477,,,,765.4563439756371,560.5042137066608,,373.85194334686906,409.64564549506395,,506.72855516031825,502.9588800743592,,391.14938052094794,562.9405331163993,696.3434963119846,,473.75768873265235,,364.55491472538534,553.3599031647097,522.8275641545196,562.3000877994389
tt_12.4h,,,,,,689.7032390073132,735.4537699069958,751.4695166598851,,625.4273263539595,,,,766.5698807008326,563.0959124518987,,375.53219252654657,410.0780979924643,,506.8828725392434,502.319160027615,,391.14938052094794,563.6617562744995,698.2934360801535,,475.81418082084843,,365.4207570509479,554.650511002569,524.1042966975588,563.603959182219
tt_12.5h,,,,,,689.7032390073132,737.0304428278246,754.432707272956,,623.5323859000544,,,,767.6744021628687,563.0959124518987,,375.4600402590738,410.5093128762817,,508.7907970669512,501.93476221955177,,391.14938052094794,564.3882954384624,700.1695270440357,,475.8744408869053,,365.39010414728193,555.9094438150393,524.1042966975588,564.8767285167409
tt_12.6h,,,,,,691.9021742355433,738.765408953722,757.1651046335123,,623.5323859000544,,,,768.774319267998,565.7101538671875,,377.14553063343317,410.9392819672563,,508.7907970669512,501.31290518045245,,391.14938052094794,564.3882954384624,701.9992337660057,,475.8744408869053,,365.39010414728193,557.1386904730603,525.3447939718242,566.1201465740818
tt_12.7h,,,,,,694.1616367751947,740.4217606257964,759.599991142594,,625.9143303760746,,,,769.8689993620899,568.3120478912389,,377.14553063343317,411.36799752494903,,510.5066269023227,501.31290518045245,,391.14938052094794,565.114822009194,703.7504880353717,,477.9234683523019,,366.26095975705266,558.3401395992647,526.5384826769085,567.3358936264688
tt_12.8h,,,,,,696.5876563419083,742.0511920424219,765.6099030854921,,623.4323468961553,,,,769.7632215229933,568.05655045333,,378.8265741280818,411.79545221837446,,512.4384151694032,500.6663433524606,,391.14938052094794,565.8458786601516,705.7509203343332,,479.9653148363216,,366.226386454297,559.5155820843407,527.7592139947003,568.6213867877486
tt_12.9h,,,,,,698.8501824778966,743.5857114102529,768.1672327685301,,623.4323468961553,,,,770.8566451511709,570.799120781021,,378.73236886974684,412.22163909707547,,512.6294041517424,500.2747788434354,,391.14938052094794,566.578297008265,707.6831147667323,,480.03712376075856,,366.226386454297,560.809950123256,529.0497502795587,569.9349848080614
tt_13.0h,,,,,,700.9530135367879,745.0926686111372,771.4095683794043,,621.5760774544859,,,,771.9421703755602,573.2711469934242,,378.73236886974684,412.6465515626385,,514.4391107449167,499.63224125160815,,391.14938052094794,567.3138277117939,709.5501663324484,,480.03712376075856,,367.0982947278429,562.1029188207326,529.1900143196513,571.218820543795
tt_13.1h,,,,,,703.2148141246199,746.6002993144767,774.4459661201281,,624.0865427377585,,,,773.0254931344781,573.2711469934242,,380.416294526084,413.0701833406781,,514.4391107449167,498.99961442094457,,391.14938052094794,567.3138277117939,709.5501663324484,,482.10250620627767,,367.06661697748115,563.3662498264725,530.4795828627804,572.4745345936132
tt_13.2h,,,,,,705.5703025171077,748.1830551630306,777.1497732521092,,624.0865427377585,,,,774.100836240505,575.9585305089041,,380.3382035721476,413.4925284532956,,516.2335840452225,498.99961442094457,,391.14938052094794,568.0521061976751,711.3515213774122,,482.121364293425,,367.932727355403,564.6017718439705,531.7089510835743,572.6053117985791
tt_13.3h,,,,,,705.2993397564404,749.966242537543,780.3529356516167,,621.4652737722988,,,,775.1634531264791,575.8087213710504,,382.0091425896314,413.9135811920183,,516.4027119791755,498.3580241819259,,391.14938052094794,568.7934481423164,713.1006696071929,,484.1988265033425,,367.932727355403,565.8112225751222,532.9018346269149,573.8662089807324
tt_13.4h,,,,,,707.6549188534009,751.7388743922411,783.585420030812,,621.4652737722988,,,,776.2181953799392,578.3293851339428,,382.0091425896314,414.3333360912372,,518.3228553429918,497.93661372035444,,391.14938052094794,569.5374933114424,714.7712881824012,,486.23403889399725,,367.90396635123346,566.996251237559,534.0715517548273,575.1006912502488
tt_13.5h,,,,,,709.8589536339628,753.4713520252062,786.4744521560875,,618.9455978314776,,,,776.2181953799392,580.9582849005358,,381.92052202993744,414.7517879021313,,520.0965540720714,497.31009941750216,,391.14938052094794,570.2850951674629,716.6645659243877,,486.23403889399725,,368.76423214181347,568.1584213547936,534.0715517548273,576.3102492249807
tt_13.6h,,,,,,711.9165896660184,755.1826104887639,789.4588391187264,,621.8850874696578,,,,777.2651755839805,583.471374726506,,383.59642266741076,414.69854468580047,,520.0965540720714,496.67824366853625,,391.14938052094794,570.2850951674629,718.5307761013487,,486.24710475814226,,369.61262214596627,569.4675053610924,535.3350447152469,577.5240990645589
tt_13.7h,,,,,,714.0098296333584,756.8667031187622,792.9590572772488,,621.8850874696578,,,,778.30649352939,583.471374726506,,385.26714810705727,415.11758699158923,,520.3490909324613,496.67824366853625,,391.14938052094794,571.0350685066193,718.3031223979733,,488.28931626798476,,368.73840252700484,570.7487445247777,535.4708994755181,578.8365327105788
tt_13.8h,,,,,,716.3325531733984,758.518609055141,796.0888690635416,,619.3664512419764,,,,778.139478834212,583.4141220024981,,383.5171955097884,415.53529282056127,,522.0872475240566,496.2601160699039,,391.14938052094794,571.7877729876495,720.196932036844,,490.36171735712014,,369.59279204969357,572.0033507283504,536.748083732448,580.1216421967404
tt_13.9h,,,,,,718.5098246501047,760.2516387580283,798.9133855373761,,622.3090524160369,,,,779.1706400549798,585.8388391481978,,385.17757711814784,415.9516566863904,,524.0061565961304,495.6290357272134,,391.14938052094794,572.54595275922,722.0164583977722,,488.3363891714854,,370.44597576495505,573.2329484683535,538.0143673715211,581.3808987356209
tt_14.0h,,,,,,720.5371419164129,762.1681315328965,802.4468330222248,,616.9326230449058,,,,780.1908407269614,588.5399989260603,,386.8179425445702,416.36667323750646,,525.7538361074957,495.01943510339163,,391.14938052094794,573.305731099517,723.7593465724935,,490.3560883411719,,370.44597576495505,574.4390820894712,539.2432904447485,582.6157139897616
tt_14.1h,,,,,,722.4588123041224,764.0588132336684,805.8766140167102,,619.77856047407,,,,781.2060383763471,590.9161960647132,,385.0987548514473,416.78033723295664,,524.2030695328326,494.41219935322744,,391.14938052094794,573.3057310995158,725.4551489579281,,492.4069183532632,,370.4183978610062,575.6232183279652,540.437304762573,583.8274402895053
tt_14.2h,,,,,,724.724395378527,765.9063753749181,808.9568982346506,,622.5012358540854,,,,782.2105204574107,590.9161960647132,,386.7545558982001,417.19264351873034,,526.0143548598645,494.58925691170094,,391.14938052094794,574.0695897753141,727.1046617559729,,494.4609462829603,,371.2764249666635,576.7867490178181,541.5987361385411,585.0173712030793
tt_14.3h,,,,,,726.8806430719779,769.5241534831736,811.8767037160615,,617.4796416742655,,,,783.1961291102501,590.9294831618755,,388.41531141763073,417.6035870045473,,527.7797871030629,493.9914858423929,,391.14938052094794,574.8339709440045,728.7015978980562,,492.4683934542166,,372.1306139570499,578.016351328244,542.8694505128433,586.241222415709
tt_14.4h,,,,,,728.8949524450685,771.2752968072433,815.6889610614269,,620.2538367965285,,,,784.177142093169,593.4460293464595,,390.0681151692618,418.013162641101,,529.687387880697,493.39457379193703,,391.14938052094794,575.6014033709794,730.3339961006235,,494.45653957889255,,371.241047547914,579.3031358657518,541.8457996541192,585.2136364163075
tt_14.5h,,,,,,730.8159093080185,770.9351823760564,819.1073542598676,,617.873693667201,,,,785.1465849060602,596.019306902197,,388.3206171539088,418.42136539773344,,531.4090093635631,492.7981958874418,,391.14938052094794,576.3716559353893,732.0941782049586,,496.4971760818815,,372.1039591479858,580.5653869350086,543.0051686540647,586.411331623474
tt_14.6h,,,,,,732.7677586390201,772.7817984900237,822.2025894704726,,617.873693667201,,,,786.1062891413351,598.4671150359458,,389.98193684756205,418.8281902405397,,529.8872598878186,492.97622106050164,,391.14938052094794,576.3716559353892,733.8002722750888,,496.5267574453774,,372.952457404528,581.8045757879352,544.2807139245377,587.5884376812724
tt_14.7h,,,,,,732.7669678529572,774.5943971846569,825.3126920375902,,620.5759446171105,,,,787.0539685922497,601.1079888393733,,391.64330359158924,419.2336321108754,,531.6753808794963,492.39419461329146,,391.14938052094794,577.1456716033446,735.452324590459,,496.5267574453774,,372.07016840518816,583.0221032250789,545.5456939267564,588.8684402651323
tt_14.8h,,,,,,734.581875553802,776.383777841917,829.1743556632996,,615.4938021444656,,,,787.9980108023396,598.3743936773426,,389.9134856718703,419.6376859042511,,533.4659673735599,491.8157214862472,,391.14938052094794,577.9218366545041,737.0649490888574,,498.4791922271357,,372.9285718259509,584.2193019361902,546.7757945467472,590.1478447949644
tt_14.9h,,,,,,736.7615576617029,778.1373599784995,832.6613792712029,,618.1724389689151,,,,788.0823398367024,600.9696226231015,,391.55907684489546,420.04034644958057,,535.357186063058,491.2592762973602,,391.14938052094794,578.7010657948586,738.5938758196647,,500.56324596468073,,373.7713923834656,585.3974389448149,547.9673725442204,591.4040764588447
tt_15.0h,,,,,,736.7615576617029,779.9002949119512,835.8193391309643,,620.735888304061,,,,789.0197976776067,603.477439883543,,393.19180732086915,420.4416084887621,,535.5574484172644,490.8588903351997,,391.14938052094794,579.4831807573363,740.1054961779626,,500.60541095487747,,373.7502523530356,587.7387109529313,549.1347004916893,592.6383650428285
tt_15.1h,,,,,,738.7964880470765,781.9257914830541,838.885997704724,,615.9101578864612,,,,789.9416535735934,605.9634207298668,,393.1180080843246,420.8414666565444,,535.5574484172644,490.8588903351997,,391.14938052094794,579.4831807573363,740.1580228481241,,500.60541095487747,,373.7502523530356,589.0242945197199,549.3757564309346,593.8518883210664
tt_15.2h,,,,,,740.7292158964067,783.9213079251042,842.8726634790362,,618.5110482826864,,,,789.9416535735934,605.8179111493238,,393.1180080843246,421.2399154606334,,537.356586857412,490.3138243105728,,391.14938052094794,580.2702031744972,741.6873012866233,,502.5633477542696,,374.5874234711147,590.2880785799372,550.5434975030403,595.0457728629635
tt_15.3h,,,,,,742.5153223396069,785.8822729544221,846.4811268102815,,616.238673461453,,,,790.8548835703776,608.4456329183905,,394.7573882151687,421.6369492619717,,539.1301644287714,489.7929489553227,,391.14938052094794,581.0602805974756,743.1507186612681,,502.64729062354525,,374.56900560003186,591.531363914597,551.7395085473532,596.2210950303908
tt_15.4h,,,,,,744.2716587551605,787.8153168685986,849.7665871391054,,616.238673461453,,,,791.7571834985874,608.4456329183905,,394.6526159984229,422.03256225510836,,539.3266645792263,489.41255274311624,,391.14938052094794,581.8513708422838,744.5724968908647,,504.63490713638686,,374.56900560003186,592.7553931603737,551.7395085473532,597.391278171202
tt_15.5h,,,,,,746.4185525915676,789.7200692297536,852.7903957232526,,618.9141685082551,,,,792.6469879987693,610.927983811697,,396.2848223097869,422.42674844853684,,541.2363795228072,488.91188786684086,,391.14938052094794,582.6454953920577,746.2419104010861,,504.63490713638686,,375.40056731927774,593.9588477837337,553.0200558944522,598.6719777006748
tt_15.6h,,,,,,748.4718596424477,791.5919428958582,856.6903334677123,,616.7123006427304,,,,793.5243176478923,613.4220264388747,,396.2848223097869,422.394468271967,,541.2363795228072,488.91188786684086,,391.14938052094794,582.6454953920577,747.9643131319808,,506.63704736401104,,375.38484291431524,595.1463962143113,554.2672452053672,598.7715464829569
tt_15.7h,,,,,,750.44880251736,793.4425684987975,860.515043640382,,616.7123006427304,,,,794.3927857360172,613.2475453555818,,396.20212474276104,422.7885311049224,,543.0582014198641,488.42917864179384,,391.14938052094794,583.4434209836817,747.9643131319808,,506.7051493396958,,376.2193499299456,596.3171423768785,555.4831788030172,599.9674461378631
tt_15.8h,,,,,,752.3490195330766,795.2579099136636,863.9854761862572,,614.4216046526435,,,,795.2475138578327,615.8621203867945,,397.81530534169394,423.18111953899853,,544.7663729485795,487.9659431887004,,391.14938052094794,584.245047402907,749.6825168647899,,508.6515336410529,,376.2193499299456,597.4720779375236,555.6701303711903,601.2391255620124
tt_15.9h,,,,,,754.6138778754226,797.0715318384717,870.4804039205765,,617.1866025573969,,,,795.2080097844772,618.3407699057736,,397.81530534169394,423.57222633724405,,545.024050877109,487.62547989928066,,391.14938052094794,585.0483074947418,751.3629656510349,,508.6515336410529,,377.06896704769423,598.6121423439852,556.8885897118835,602.49038723233
tt_16.0h,,,,,,754.383871081032,798.862251481293,874.6086930681483,,617.1866025573969,,,,796.0376239555613,618.3407699057736,,399.417711426017,423.96184398876665,,546.8746850934301,487.19668864227606,,391.14938052094794,585.8546236805668,753.0130729191537,,510.70631056280155,,377.03648771131253,599.8699871096217,558.078069144781,603.7222745005859
tt_16.1h,,,,,,756.5530043284358,800.7271148094234,878.3582084704989,,614.9552681129223,,,,796.8587625184664,620.755111676725,,399.33637464718765,424.34996467738085,,546.8746850934301,487.19668864227606,,391.14938052094794,585.8546236805668,754.6560152636237,,510.7538558054685,,377.8808591111422,601.1289067643488,559.2404347677758,604.935786451304
tt_16.2h,,,,,,758.8715631440679,802.7641125689804,881.8070869461262,,614.9552681129223,,,,797.659778949368,620.6677573748927,,400.9414178864837,424.73675506557925,,548.7532896316795,486.788695679107,,391.14938052094794,586.6639658467457,756.3725196903479,,512.7076008380448,,377.8808591111422,602.3690301865992,560.4171587802012,606.1318788065216
tt_16.3h,,,,,,761.078091716784,804.774463202266,885.0030746798961,,612.8334237611538,,,,798.4434118036143,623.2214859670779,,400.9414178864837,425.1223160522371,,548.9488992817787,486.47751171358635,,391.14938052094794,587.4797957264703,758.2719885429207,,512.7076008380448,,377.850711582906,603.591391257694,560.4171587802012,607.3114649415658
tt_16.4h,,,,,,763.1970342122798,806.75358917112,888.5408528185103,,615.6225418148979,,,,799.2173230922303,625.7505479912829,,400.8219303269042,425.5066436566951,,550.7420142285147,486.103933179249,,391.14938052094794,588.2954122345775,758.1199791020942,,512.7754325588058,,378.68989540259315,604.7969728136952,561.6966264637423,607.3114649415658
tt_16.5h,,,,,,765.2344326927893,808.7137280518467,892.6874669647877,,615.6225418148979,,,,799.9738168614277,628.0437593625592,,402.43733971840396,425.8897339113779,,552.4906663255362,485.7502531168644,,391.14938052094794,589.1141812871532,759.8993780096964,,514.7248408570982,,378.68989540259315,605.9867085570394,562.9454193743901,608.4754169905333
tt_16.6h,,,,,,767.6375307458184,810.6484526429351,896.4893893448245,,613.4773633124357,,,,800.7124441514942,628.0437593625592,,402.43733971840396,426.2715828590485,,552.4906663255362,485.7502531168644,,391.14938052094794,589.1141812871532,761.8263394853494,,516.7468744538775,,378.66203279709686,607.1614849696942,563.0772553367739,609.6245670236957
tt_16.7h,,,,,,770.0576198245784,812.5583480959139,900.0046532969184,,616.2718237364896,,,,801.4355144944731,628.083887324644,,402.32664158767324,426.6521865508313,,552.7162773697943,485.47239260374374,,391.14938052094794,589.9370471557531,763.7217409675443,,516.7468744538775,,379.4960946685533,608.3221432151944,564.3316901866638,610.7977085015714
tt_16.8h,,,,,,772.3681370339515,814.439656348172,903.2733775915989,,611.3657680677784,,,,801.4355144944731,630.517888207933,,403.8995895831426,427.03154104501294,,554.5929362469559,485.1482242749708,,391.14938052094794,590.7622137328582,765.5840788944422,,516.7873429161522,,380.3145236168843,609.4694810189392,565.557462820143,610.9992426431114
tt_16.9h,,,,,,774.591623885949,816.3152883517054,906.6153424271375,,614.1624414443935,,,,802.1415015162031,633.1280117301319,,405.5070607227662,427.40964240664607,,556.4506285127567,484.83936310688085,,391.14938052094794,591.5906055714865,767.4218161360669,,518.7389642391124,,379.4703828960409,610.6042545178649,566.7563521275861,612.1453375798832
tt_17.0h,,,,,,776.7338056679528,818.1724141528858,910.9273558403083,,616.9652881200705,,,,802.1160060901229,635.4423440852416,,403.8108172057622,427.7864867079595,,558.1814352873082,484.5465891340162,,391.14938052094794,592.4222491580558,769.2254778022681,,520.7611947235048,,380.299397877238,611.7667418421477,567.9300462421153,613.3019745600293
tt_17.1h,,,,,,779.1528511172672,820.0080145385722,914.8894846504127,,612.0644067703741,,,,802.8490437829063,638.0119736083898,,405.39245120230146,428.1620700296078,,556.652974067748,484.5968947529216,,391.14938052094794,592.4222491580558,771.005394303344,,518.8249245587274,,381.11771040410656,613.0185443739617,569.0801451751124,614.5496628894555
tt_17.2h,,,,,,781.6983679342458,821.834941968167,918.5542673434977,,614.957660333967,,,,803.5593536629948,635.4757586629803,,406.9499969022712,428.53638846276726,,558.4607164087971,484.3102463989414,,391.14938052094794,593.2600783668247,772.7640979296348,,520.7465621543189,,380.2756893829958,614.2539536821877,570.2786148303618,615.7803113724902
tt_17.3h,,,,,,781.2098131599647,823.6435809955457,921.9797478868686,,609.9747677804969,,,,804.261639402302,637.729230857708,,406.8707327673282,428.9094381121121,,560.1788450159257,484.0315363792582,,391.14938052094794,594.0983483829824,774.6213055139345,,522.7770434368675,,381.09974169801615,615.4717844694983,569.3398813957879,616.994747286099
tt_17.4h,,,,,,781.2098131599647,825.4411147030838,925.2022026493595,,612.7731708270828,,,,804.9505575130788,640.4010220237097,,406.8707327673282,429.28126424417053,,562.1387933347593,483.75860084090624,,391.14938052094794,594.9417285513347,776.6415165781664,,524.6798272289121,,381.92132209860466,616.6769109171496,570.4959824321248,618.1937621429798
tt_17.5h,,,,,,783.8354289132145,827.2269839405895,929.1692973386384,,615.6402435506159,,,,805.6252716714596,642.8455309901411,,408.44069080460696,429.25990016078055,,563.9499194720046,483.5397181676298,,391.14938052094794,595.7867401842161,778.624714174613,,522.8024321404894,,382.7558741434051,617.8680742934893,571.6483950572001,619.3781126197675
tt_17.6h,,,,,,786.3592083402857,829.1511182150572,933.4152936586843,,610.7206413439573,,,,806.2847218503967,645.1509675512559,,409.987298378377,429.63136989843275,,562.2936167115804,483.5397181676298,,391.14938052094794,595.7867401842161,780.597733159506,,524.7561745226478,,381.89715326026277,619.0460057877863,572.9255047455382,620.5485215304213
tt_17.7h,,,,,,788.7930398389127,831.1267536695904,937.3518824871944,,613.5573129325013,,,,806.9363413114879,645.1537030887275,,408.30617867281035,430.00152737899555,,564.1807514769902,483.27709981803287,,391.14938052094794,596.6410852819206,782.5240863694004,,526.7452408097588,,382.721881783538,620.2113997342277,574.1752825083927,621.7056788330245
tt_17.8h,,,,,,791.1299901163744,833.0870201160835,941.0259981585749,,611.4488820186565,,,,807.5737493010989,645.1537030887275,,409.88958294525685,430.3703688782336,,565.9391762632619,483.0224744989456,,391.14938052094794,597.493011012833,782.3023065606914,,526.7229720213143,,383.5518519020539,621.3649151101187,575.3992848122354,622.8502426596986
tt_17.9h,,,,,,793.3968875467126,836.9370576666078,944.4780225724948,,611.4488820186565,,,,808.1934559347326,647.5729759353671,,411.44458767779224,430.7378907357339,,567.765858564517,482.80563214555843,,391.14938052094794,598.3522678058426,784.2899505484713,,526.7229720213143,,382.6916601727648,622.5071770004909,576.5990221802224,623.9828403605912
tt_18.0h,,,,,,795.6794821017293,838.8379706800403,947.7510333289696,,614.3656853335116,,,,808.0957545868388,650.1703122520909,,411.31035256587325,431.1040893643173,,567.9112103064209,482.80563214555843,,391.14938052094794,599.2122926562287,786.2481446265128,,528.7919227407398,,383.51940370121315,623.6387780250907,576.7886763776121,624.184788931753
tt_18.1h,,,,,,798.3882053797971,840.7109914274562,951.7607032032905,,612.3793193043246,,,,808.6920630071113,652.4868346454936,,411.31035256587325,431.4689612605966,,567.9112103064209,482.5536948201684,,391.14938052094794,599.2122926562287,788.1818810766831,,530.6615479227911,,384.34488969435824,624.7602797245568,577.9966134146163,625.3293953786069
tt_18.2h,,,,,,800.9840478977096,842.5755019529557,956.1167334454635,,612.3793193043246,,,,809.2728861661456,652.4948995959397,,412.8797875694813,431.4689612605966,,569.8443050011249,482.30537387288047,,391.14938052094794,600.0781786518085,790.0892358296854,,530.7618230889158,,384.3139018619199,625.8722139032847,577.9966134146163,626.4623266891361
tt_18.3h,,,,,,803.4979348901555,844.4195100248276,960.168974752334,,615.2384986794302,,,,809.8398270345527,654.7780159517202,,412.74164078584585,431.8325030167177,,571.7128613837473,482.08941162710545,,391.14938052094794,600.9442580300384,790.0892358296854,,530.7618230889158,,384.3139018619199,627.0555519497524,579.1817173644795,627.5841549425495
tt_18.4h,,,,,,805.9166748081981,846.2494011941011,963.9721926375732,,613.2593491215897,,,,810.3953550182912,654.7780159517202,,412.74164078584585,432.1947113333389,,571.9156911841648,481.8396918052088,,391.14938052094794,601.8139377707075,791.9739088669083,,532.6884038469141,,385.1350060548312,628.2738316118545,580.345384201189,628.6954247675045
tt_18.5h,,,,,,808.2709615295493,848.0614534332691,967.5589292975881,,613.2593491215897,,,,810.3953550182912,657.3074534580279,,414.2881345096435,432.55558303389444,,573.7301512698365,481.8396918052088,,391.14938052094794,602.687247556869,793.8381893148214,,532.7051485659987,,385.1053896748323,629.4790544648022,581.4889372143074,628.6954247675045
tt_18.6h,,,,,,810.5520831383999,849.8602216242857,970.9705922707959,,611.2298000428947,,,,810.9617471866413,659.8211956801754,,414.17115101059363,432.9151150801982,,573.7301512698365,481.591705220289,,391.14938052094794,602.687247556869,795.6842890147482,,534.7383362274923,,385.9222185560464,630.6718382011065,582.6596143742732,629.8660600509367
tt_18.7h,,,,,,810.7211348090333,851.6490779854466,974.2500923184085,,611.2298000428947,,,,811.5393108518938,659.6826622377009,,415.68655326500823,433.2733045894445,,575.4132109228134,481.339525876725,,391.14938052094794,603.5642159239272,797.5098789582489,,534.7383362274923,,385.9222185560464,631.8527697173436,582.9013242284433,631.06945406528
tt_18.8h,,,,,,813.0719498838625,853.4155969485186,978.8927016107616,,614.0540173365192,,,,812.1040933369645,662.1482898889662,,415.68655326500823,433.63014885266995,,575.7265813991012,481.12496772941273,,391.14938052094794,604.4488125591063,799.407273212688,,536.6773691322712,,385.89387959895384,634.1661455287361,584.0346633798249,632.2596540000061
tt_18.9h,,,,,,815.3686190080241,855.1760144990219,983.2261769927328,,612.1355911344901,,,,812.6563557476611,664.372311392505,,415.57388144108285,433.98564535474367,,577.5087538540811,480.86573350366007,,391.14938052094794,605.333193039668,801.4653544835518,,536.7562375362343,,386.70654349409267,635.3148567393877,585.2700266412561,633.4372447818964
tt_19.0h,,,,,,817.9676922961564,856.9223303998949,987.2913932707337,,612.1355911344901,,,,813.1975418515519,664.372311392505,,417.10507717376646,434.339791795959,,579.4665256390443,480.86573350366007,,391.14938052094794,606.221289535516,803.500106195587,,538.6191070784743,,386.70654349409267,636.4537699711713,586.5220675398134,634.6027849101081
tt_19.1h,,,,,,820.7037570573672,858.6551813632783,994.7854346618442,,610.1425641661898,,,,813.1944877625403,666.9349841439945,,418.61083270233456,434.6925861153028,,579.4665256390443,480.61932052905416,,391.14938052094794,606.221289535516,803.2419444578148,,538.6191070784743,,386.6793828136068,637.5833353125261,587.7513133434533,635.7568072687703
tt_19.2h,,,,,,823.3499846800232,860.3765814793346,998.2807169524123,,613.0142158231698,,,,813.7043006318628,666.6397637885741,,418.61083270233456,435.0440265154901,,581.2771529088968,480.3942536158792,,391.14938052094794,607.1131054961021,805.0638299788543,,540.651069194388,,387.487995593805,638.7039785256306,587.7513133434533,635.8255413505066
tt_19.3h,,,,,,825.9080690354334,862.085169177086,1001.6436899059556,,613.0142158231698,,,,814.1989803417167,669.2691704213972,,418.4979395441735,435.3941114898501,,581.5309529087324,480.133226082667,,391.14938052094794,608.0099170922458,807.1082335947,,540.6544520856842,,388.2815263642311,639.8161020006486,588.9590870929972,636.9928963069754
tt_19.4h,,,,,,828.3983926664743,863.7818974019333,1006.0697221675706,,611.0054620310691,,,,814.6811195700592,671.7100089737281,,420.0032818162698,435.74283985116483,,583.3149388745522,479.8796316722344,,391.14938052094794,608.9091775345086,809.146777963695,,542.6777316629475,,388.2815263642311,640.9200856706124,589.10611393111,638.1488598363269
tt_19.5h,,,,,,830.8217153704875,865.4665406297238,1010.5865828228135,,613.9039699679728,,,,815.1470185805804,673.9373769138782,,420.0032818162698,435.7225877308458,,585.0742706405335,479.8796316722344,,391.14938052094794,609.8121011449745,811.1583243716726,,542.6777316629475,,388.26658773303785,642.0162878863563,590.3253276182422,639.2939199877377
tt_19.6h,,,,,,833.1887005180303,867.1370635404201,1014.84873594493,,609.1635189051711,,,,815.5997813035623,673.9373769138782,,419.86600662308666,436.07036772529835,,585.0742706405335,479.64399521733384,,391.14938052094794,609.8121011449745,813.1505697522452,,542.7178610696737,,389.06046732232124,643.1050462510567,591.5241133024599,640.4285417486695
tt_19.7h,,,,,,835.503067431915,868.7974474278234,1018.8893557697386,,612.0822240200828,,,,816.0430228970297,674.0187278142062,,421.3878655604162,436.41676377509657,,585.319636066019,479.38116345439204,,391.14938052094794,610.7186394435539,815.1203191737508,,544.6851196943119,,389.06046732232124,644.1866784140515,592.7013677338165,641.553167810303
tt_19.8h,,,,,,838.2923757905094,870.4450875781854,1022.745990761788,,614.8490358285203,,,,816.4678092244642,676.2073929591132,,422.8638683405059,436.76177649256243,,587.1799030035312,479.1171205193255,,391.14938052094794,611.6287987525938,817.067055074847,,546.5578131255103,,389.0423306849358,645.3327072518645,593.8628147073158,642.6682193240376
tt_19.9h,,,,,,838.2923757905094,872.0808849434783,1026.4440634683122,,610.1275647389265,,,,816.882568864758,678.7517306254437,,421.21891323753783,437.10540699481476,,589.1148593120848,478.8380482312795,,391.14938052094794,612.5419793269133,818.9960256963996,,548.589947997427,,389.83691805077945,646.5037244562805,595.0072344172686,643.7740966464814
tt_20.0h,,,,,,838.1566972369749,873.7039974327784,1030.009764800552,,612.9546160464723,,,,817.292584966972,681.2107820061138,,422.74860645158947,437.44765694677096,,590.9320323199825,478.87089104057105,,391.14938052094794,613.4578039050072,820.9077534199615,,546.634693741969,,390.6519946855571,647.6645281873605,596.1356459536399,644.8711800707724
tt_20.1h,,,,,,840.4966397026394,875.3140030783708,1033.4628758633653,,608.1947627981343,,,,817.7315387420532,683.4443545629238,,424.2381670179087,437.78852860709134,,589.276890022669,478.60398980927727,,391.14938052094794,613.4578039050072,822.7980287273122,,548.6174396728029,,389.8152328766136,648.8155006438368,596.4196540209111,645.959830542408
tt_20.2h,,,,,,843.1162056722931,877.0034992617585,1037.8254624272956,,611.0843369879714,,,,817.3348106681059,681.0444768889926,,422.5984490680281,438.12802487727527,,591.1725841787749,478.3318452213052,,391.14938052094794,614.3762767072275,824.6727421220766,,550.5854274451159,,390.6102391907896,649.9570019934588,596.4196540209111,647.0403903581256
tt_20.3h,,,,,,845.8975215531005,878.6755709857846,1042.4968638993919,,613.8661892760316,,,,817.7641304625014,683.4834038398487,,424.08632393319454,438.46614935414743,,592.9484187068955,478.0460346803203,,391.14938052094794,615.2974017978505,826.531159742278,,550.6674699598656,,391.4219320519617,651.0893710094743,597.5586546520715,648.1131838466396
tt_20.4h,,,,,,848.6111475628592,880.324836939982,1046.9296546627781,,609.1785958614084,,,,818.1752543968756,685.711832687109,,425.59273201563764,438.80290638599035,,594.6962142372043,477.8080733845195,,391.14938052094794,616.2211830792564,828.3769456870472,,550.6674699598656,,391.3804171785989,652.2129256451864,598.682398154145,648.3440741220837
tt_20.5h,,,,,,851.2472537363844,881.9559003431491,1051.1556294190523,,612.0029910835761,,,,818.5749190017227,688.0566188202547,,425.4261887677863,439.1383011326507,,594.9685754493433,477.8080733845195,,391.14938052094794,617.1476282343478,828.4507128972359,,552.5635904834912,,391.3804171785989,653.3279634669535,599.8977292600766,648.3440741220837
tt_20.6h,,,,,,853.8171253189676,883.5642157889081,1055.2086358325141,,610.1509313054552,,,,818.9582877940967,687.970149435732,,425.4261887677863,439.47233962999087,,594.9685754493433,477.5306356511739,,391.14938052094794,617.1476282343478,830.3324203591593,,554.5002983891611,,392.188851817654,654.4347618242815,601.1389380207569,649.4269295738119
tt_20.7h,,,,,,856.3333439033146,885.1536774567818,1059.113108418253,,610.1509313054552,,,,819.3278110931874,690.3245375848543,,426.9366356083546,439.80502885917093,,596.789344969666,477.23976181104706,,391.14938052094794,618.0767332706863,832.1990856603916,,554.5201229558143,,392.14743478955086,655.5337544920967,602.3611068986712,650.5019683353444
tt_20.8h,,,,,,858.7877619319512,886.7257374356674,1062.885762835575,,612.9671372809337,,,,819.6859176884602,690.3245375848543,,428.4030422760446,440.13637682135885,,598.7490277568999,476.99459500268006,,391.14938052094794,619.0085052025648,834.0483054929236,,554.5201229558143,,392.14743478955086,656.6252743234531,603.5652889004277,651.569484752262
tt_20.9h,,,,,,861.1966508704903,888.2789779091004,1066.5520471418452,,611.1499237656324,,,,820.0291972332917,692.8345680296735,,428.2471020373367,440.46639261869217,,600.5815903496045,476.71302265153963,,391.14938052094794,619.942947226506,834.0483054929236,,556.5380890918401,,392.95273923857724,657.7095670444154,603.6965051754373,652.6297570314074
tt_21.0h,,,,,,863.5703360577787,889.8155842337976,1070.127056101988,,611.1499237656324,,,,820.360115786173,695.116902735816,,428.2471020373367,440.7950865426327,,600.812224893622,476.71302265153963,,391.14938052094794,620.880062346409,835.8833941727463,,556.5433000691218,,393.74343388696406,658.7868631586457,604.9143789610672,653.6830478298033
tt_21.1h,,,,,,866.0159756617282,891.3336381750072,1074.1681910588927,,613.8847063052381,,,,820.6793859691671,695.0734380933607,,429.7302350967544,441.1224701713966,,600.812224893622,476.4183107656443,,391.14938052094794,620.880062346409,837.7049958887482,,558.5802837346256,,393.71357551138607,659.8573785210083,604.9143789610672,654.7859787408408
tt_21.2h,,,,,,868.8405870631326,892.8328372979621,1079.0324484906964,,612.1661358740431,,,,820.652870105202,697.3506629080367,,429.5368800797834,441.448556479062,,602.622834249487,476.1335616293138,,391.14938052094794,621.8198533670311,839.5143085208554,,558.5802837346256,,393.71357551138607,660.9213148874456,606.1149486818126,655.9088327731591
tt_21.3h,,,,,,868.6964423921273,894.3142226373681,1083.6768718062835,,612.1661358740431,,,,820.9979446279061,697.3506629080367,,429.5368800797834,441.77335996061385,,604.3139826468322,475.8782950035722,,391.14938052094794,622.7623228873617,841.308424507092,,560.4787976257771,,394.50137983417983,661.9788604417419,607.2870141215085,657.0223744324322
tt_21.4h,,,,,,871.073276362967,895.7778314029645,1088.1304932008672,,610.4394440793733,,,,821.3296988185788,699.4335910108487,,431.03657076110403,441.7450463455853,,604.642473503106,475.58101081405573,,391.14938052094794,623.7074732938898,843.0919759362806,,560.5875515350737,,394.4713374036478,663.0301902997759,608.4559999285344,658.1268988369387
tt_21.5h,,,,,,873.575383568299,898.6458976050392,1092.415962130605,,610.4394440793733,,,,821.6482972151865,701.9405314948752,,430.8547955693672,442.06867761603456,,606.3302905142176,475.58101081405573,,391.14938052094794,624.655306753768,844.8627363864099,,562.4213053979056,,394.4713374036478,664.0754669919417,609.610396581228,658.1405280767681
tt_21.6h,,,,,,876.3923461598714,900.0536116327985,1096.5624318704192,,613.1120810291338,,,,821.9567210415303,701.6399781264231,,432.32276488893154,442.39038275264494,,606.3302905142176,475.2832481545681,,391.14938052094794,624.655306753768,846.6222292121857,,562.4213053979056,,395.256386753502,665.1148409244122,609.8282577161528,659.1955856787903
tt_21.7h,,,,,,879.1428619566026,901.4392918816209,1100.5868439808412,,611.346473237907,,,,822.2504473581639,704.1394631183618,,432.32276488893154,442.7098632306654,,608.3520010059968,475.02598862678786,,391.14938052094794,625.605825207874,848.3990347491742,,562.5749052367057,,395.225996700068,666.1484508199467,610.9956290636874,660.3019436389242
tt_21.8h,,,,,,881.8447061279181,902.809200864876,1104.5050259418194,,611.346473237907,,,,822.5326892601702,706.5267070637207,,432.1557747955796,443.0299557304029,,608.4195292718158,474.7274209495911,,391.14938052094794,626.5590303637799,850.2915848267181,,564.4092602374202,,396.0084282391001,667.1764241389706,612.1489124646736,661.3993819977178
tt_21.9h,,,,,,884.4942229426747,904.1559923290362,1108.335035894389,,609.595769601863,,,,822.5326892601702,706.5267070637207,,433.5895227994603,443.34891333636824,,610.410531385617,474.7274209495911,,391.14938052094794,627.5149352637673,850.4640134753704,,566.4553368733804,,396.0084282391001,668.1988774816313,613.2888926658818,662.4881533300241
tt_22.0h,,,,,,887.0985790249986,905.4817378966155,1112.0875247163335,,612.2873619342596,,,,822.8033801994083,708.7124273712199,,433.5895227994603,443.66575285814906,,612.2830931644695,474.4162554315901,,391.14938052094794,628.473518932123,852.2189212772175,,566.4553368733804,,395.9775191068944,669.2159169715686,614.4163147148726,663.5684957297854
tt_22.1h,,,,,,889.6604490688383,906.7866925680361,1115.7774497284063,,612.2873619342596,,,,823.0618395835425,708.7244754960311,,433.43738990806423,443.9804639703409,,612.2830931644695,474.15579477603694,,391.14938052094794,628.473518932123,853.9646091520297,,566.4795399258329,,396.7579074680749,670.2535937371402,614.4163147148726,664.6406332716863
tt_22.2h,,,,,,892.1749725510493,908.070751448202,1119.883278900159,,610.618790632268,,,,823.310632637417,710.8960471385459,,434.84335227384713,444.2930362507968,,614.0562880486858,473.8572350764657,,391.14938052094794,629.4380061540992,855.6982040168639,,568.4623372893263,,396.7579074680749,671.3268449451838,615.5318856280184,665.7047764628342
tt_22.3h,,,,,,894.6555731078738,909.3337653126937,1129.6586239626538,,613.3714077130841,,,,823.2681705992605,712.9031004685992,,436.3231272494624,444.603459192311,,614.3216863991792,473.54658342712736,,391.14938052094794,630.4020244389355,857.4194878253239,,570.3291162234535,,396.72747022176503,672.392150929591,615.8231334126842,666.761118980329
tt_22.4h,,,,,,894.6555731078738,910.577536604737,1134.2897458405662,,608.881442805488,,,,823.5399309021412,715.3694722459429,,436.3231272494624,444.9117222146004,,616.0703941108889,473.54658342712736,,391.14938052094794,631.3687349108535,859.1305296411903,,570.3291162234535,,397.5069168304352,673.4496554763875,616.9509217015951,667.8098436528979
tt_22.5h,,,,,,897.0942760937922,911.7971396596663,1138.7807587837904,,611.5995553284619,,,,823.8005111619674,715.3694722459429,,436.12942249478357,445.2178146765854,,617.816172737303,473.2676077033179,,391.14938052094794,632.338154887761,860.8293335196606,,570.4069088302651,,398.27325689890745,675.5244644835393,618.0672152891344,668.8511225307715
tt_22.6h,,,,,,899.5101840265977,912.9946930766952,1143.1506570794886,,614.3049791562402,,,,824.0492744006951,715.0754335925584,,437.58022845301616,445.5217258889685,,617.816172737303,472.97033391077855,,391.14938052094794,632.338154887761,862.5233282489601,,572.2309973643461,,397.47710909594355,676.5592798744399,619.1726562313818,668.8511225307715
tt_22.7h,,,,,,899.7438720934219,914.170060185801,1147.412235769415,,609.8100116888329,,,,824.28640821986,717.4945455941499,,438.9998917223052,445.82344512711046,,618.1065772901508,472.6615177971475,,391.14938052094794,633.3102513134759,864.3056038012851,,574.2160946846262,,398.25573948395567,677.5867495050428,620.3797599754072,668.8836413682861
tt_22.8h,,,,,,902.2397138666329,915.3223874695825,1151.581525627182,,612.5979621554596,,,,824.5123960346318,719.819276149286,,437.40221858752227,446.12296164420127,,619.893321969984,472.3410202396125,,391.14938052094794,634.2850396411128,866.0730571886734,,572.3429532030667,,399.0213544172536,678.6069616392246,621.5944120023066,669.9322403697815
tt_22.9h,,,,,,904.7033732748864,916.4517104321005,1155.6709086857113,,608.1499971262847,,,,824.7272357888442,721.9561804764088,,438.82515111028033,446.420264684738,,621.8745046301085,472.3743174916755,,391.14938052094794,635.2625191551233,867.8202194163678,,574.1404382423443,,399.8050173015929,679.6199944575106,622.7947329385999,670.973113427168
tt_23.0h,,,,,,907.136986147291,917.557780627065,1159.690470692818,,610.9299225049027,,,,824.9316504615509,723.9274541306854,,440.26273191476616,446.71534349829227,,623.74288260455,472.066843713179,,391.14938052094794,636.2426888307314,869.5505457429396,,576.1706321223191,,399.0043939843967,680.6259163836659,621.706224282401,672.0064118374867
tt_23.1h,,,,,,909.5431134662253,918.6398419828942,1163.6524220984772,,613.5894890626482,,,,825.1253497688348,721.932995838461,,438.6621889223836,447.0081873535818,,621.9371679339939,471.761152699227,,391.14938052094794,636.2426888307314,871.2616659980539,,578.0824751378598,,399.76941127403836,681.6247863992654,622.8576641757189,673.0322755968398
tt_23.2h,,,,,,911.9182198422308,919.6984878288335,1167.5621003989202,,609.1704322528457,,,,825.308926004257,724.0751651726554,,440.0583186419596,447.29878555284097,,623.9154595877852,471.44440169627904,,391.14938052094794,637.225547325485,871.2094371972528,,576.1380616751213,,400.5501674786055,682.6166543467124,624.0738617055358,674.0508337575016
tt_23.3h,,,,,,914.3083037130143,920.7330792211194,1171.4300898560318,,611.8872449184555,,,,825.2831300233919,726.0584048667049,,441.5136163131129,447.58712744649,,625.7786713922903,471.1500847759917,,391.14938052094794,638.211092970506,872.8402855681679,,578.1331017583153,,399.7528986910346,683.6015612211719,625.2760277476231,675.0622047740484
tt_23.4h,,,,,,917.0718329043942,921.7433382436121,1175.262083049971,,610.235793140237,,,,825.4873549631304,728.2595752169464,,441.29956029547805,447.5761857387586,,627.5425396025704,471.1500847759917,,391.14938052094794,639.1993237613783,874.45659860557,,580.02187016279,,400.51744740851245,684.5795394518448,626.4648621684823,676.0664968387483
tt_23.5h,,,,,,919.7980508309905,922.7290702486712,1179.5585817446783,,610.235793140237,,,,825.6812252961051,730.5754412722112,,441.29956029547805,447.8608875318404,,627.8177707860268,470.8456958094596,,391.14938052094794,640.1902373485858,874.45659860557,,580.0918618232953,,401.29488611920306,685.5506131730066,627.6410314100756,677.0638082064629
tt_23.6h,,,,,,922.4743378260249,923.6904368013703,1184.5912548108636,,612.8631068563944,,,,825.6812252961051,730.2703911709655,,442.7529108293937,448.14328173381244,,627.8177707860268,470.5339618197556,,391.14938052094794,640.1902373485858,876.0598504955497,,580.0918618232953,,401.26548267999294,686.514798485185,628.8051698510549,678.0542275093824
tt_23.7h,,,,,,925.121556187316,924.6265223935252,1189.491317721065,,611.2296441729098,,,,825.8649580028573,730.2703911709655,,442.55261537736084,448.42335830966715,,629.572597192289,470.21176553826274,,391.14938052094794,641.1838310273647,877.6498607873168,,581.958482108864,,401.26548267999294,687.4721037068273,628.9342010673067,679.037834061895
tt_23.8h,,,,,,927.7216146112282,925.5707837304568,1194.2681537059482,,611.2296441729098,,,,826.0392905482389,732.603544861393,,442.55261537736084,448.70110734958524,,631.2503549858303,469.9154421377367,,391.14938052094794,642.1801017268385,879.2259318820123,,583.7889481924541,,402.03917857531764,688.4225296167651,630.1130331174651,680.0146981559805
tt_23.9h,,,,,,930.2966610783934,926.5297655685405,1198.9397355288268,,609.5680268912839,,,,826.2037731420442,734.7448050093318,,443.98095532599405,448.97651908538944,,633.2623574992208,469.9154421377367,,391.14938052094794,643.1790459982303,880.7878961358747,,583.8810104035101,,402.0135369717305,689.3660696877166,631.2799212202735,680.0918319091666
tt_24.0h,,,,,,929.5889239029626,927.4662120872275,1203.5147366329493,,609.5680268912839,,,,826.3591158948004,736.7099589981823,,445.3717041489464,449.24958390731297,,633.2801447395191,469.6099282883,,391.14938052094794,644.1807091798149,882.335546978982,,583.8810104035101,,402.0135369717305,690.3027103110468,631.2799212202735,681.0717449708169
tt_24.1h,,,,,,932.2643824895982,928.3784414029766,1208.0047073041067,,612.1931204872737,,,,826.5056453166816,736.7715995545293,,445.1980631754651,449.52029238107303,,633.2801447395191,469.29465177136814,,391.14938052094794,644.1807091798149,883.8681792389295,,585.778010629506,,402.7830499011321,691.2324310128948,632.4354444324042,682.0445382476033
tt_24.2h,,,,,,934.902967522764,929.2669720559225,1212.4226131391647,,610.5903279155939,,,,826.6438181651096,738.7443382433846,,445.1980631754651,449.52029238107303,,635.3026719359533,469.00191465000114,,391.14938052094794,645.1849923970813,885.3864525634958,,585.80776509639,,402.76163031238656,692.1552046617314,633.5801530401908,683.0102664486757
tt_24.3h,,,,,,937.5042906009693,930.1316152066994,1216.7731522243785,,610.5903279155939,,,,826.7736950858251,738.7443382433846,,446.60494598968694,449.78863526526345,,637.2150839882239,468.6725798939503,,391.14938052094794,646.1919367006512,886.8896504194529,,587.7622197864682,,403.52650497900663,692.2830324001765,634.7145696949962,683.9689759925005
tt_24.4h,,,,,,940.0699657459429,930.9722058035923,1221.0658909649371,,613.2561895733896,,,,826.7732968125242,740.5843473704705,,446.40452099216907,450.0546035290555,,637.3420294977795,468.6725798939503,,391.14938052094794,647.2015370014673,888.3770988312586,,587.7622197864682,,403.52650497900663,693.2036537108992,634.8970403047762,684.9207052730932
tt_24.5h,,,,,,942.6105798682822,931.7886110373054,1225.3084713504809,,611.5891156289691,,,,826.9199610400095,742.810127465605,,447.82716584022273,450.3181883702231,,639.2578954864041,468.36535885391504,,391.14938052094794,648.2137877501312,889.8530540431623,,589.7130468572554,,404.3118422562222,694.1168116118204,636.0450487617778,685.8654849193734
tt_24.6h,,,,,,945.1220756625515,932.5831560411332,1229.5061655371244,,611.5891156289691,,,,827.058802915963,742.6089211337704,,447.82716584022273,450.58390374307083,,639.2578954864041,468.08003368962665,,391.14938052094794,648.2137877501312,890.1867963696474,,589.7330613705458,,404.2695486673849,695.0224671531148,637.182846820592,685.8654849193734
tt_24.7h,,,,,,947.594446901073,933.3507987810392,1233.6641951230795,,610.0471212422598,,,,827.1887608157693,744.6889129124354,,447.600588524871,450.8495650136223,,641.0627145312014,467.75587813476864,,391.14938052094794,649.2286829120253,891.6442888557126,,591.6646665442978,,405.055300191713,695.9205751573082,638.3109126628441,686.8033380480268
tt_24.8h,,,,,,950.0528653948619,934.0940805988483,1237.788205349272,,612.7085951493631,,,,827.3108943911708,746.944833775372,,449.0385866600122,451.1129272384174,,641.2817461329747,467.4241009062948,,391.14938052094794,650.2462159380315,893.083569366113,,591.6646665442978,,405.055300191713,696.811084387821,639.4296999466553,687.7342805103017
tt_24.9h,,,,,,950.0528653948619,934.8128908555501,1241.8819332435025,,612.7085951493631,,,,827.4255240432726,746.944833775372,,449.0385866600122,451.37398113099874,,643.1043222433615,467.4241009062948,,391.14938052094794,651.2663797295692,894.507178029112,,593.4713952848937,,405.0121859723635,697.6939377049717,639.4296999466553,688.6583211331351
tt_25.0h,,,,,,952.4830873814949,936.1773859296285,1245.9488737803204,,611.0497441792552,,,,827.533300663907,749.0484532589458,,448.810899875107,451.6327176842943,,644.8502057162979,467.14719234518645,,391.14938052094794,652.2891665967062,895.9126626651909,,593.6074894928289,,405.7984944136237,698.5690722081587,640.5396387960851,689.5754619550169
tt_25.1h,,,,,,954.8943631763722,936.8232065255119,1249.99269723805,,613.6804003141722,,,,827.6338553392619,748.9881754744627,,450.2394036605992,451.88912819087477,,644.8502057162979,466.83354673636217,,391.14938052094794,652.2891665967062,897.299685461285,,595.4067471018262,,405.7984944136237,699.4364193624021,641.6411367591496,689.6415324043292
tt_25.2h,,,,,,957.2809578446605,937.4455799591678,1254.0162528477506,,609.4374806736406,,,,827.6338553392619,751.1456546064908,,451.58952870328363,452.14320426362275,,645.151942371878,466.51177381986395,,391.14938052094794,653.3145682078981,898.6678984950986,,595.4067471018262,,405.75889517998644,700.2959051071691,641.8869435757886,690.5576646217436
tt_25.3h,,,,,,957.1878440645993,938.0433059240379,1258.021970268884,,612.0887539752994,,,,827.7278601049842,753.1542039843888,,450.02185211650993,452.1410446122635,,646.8911619478029,466.51177381986395,,391.14938052094794,654.3425755294135,900.0169450587821,,595.5453842274941,,406.5414325972631,701.14744994367,643.0005414482906,691.4664464291815
tt_25.4h,,,,,,959.6344875050304,938.6181649752676,1262.011671310297,,612.0887539752994,,,,827.8258734395705,755.3027675775492,,451.4297841650834,452.3910291658973,,648.5559955168447,466.2149127403792,,391.14938052094794,655.373178750286,901.344888826537,,597.3205357927386,,407.3162574589935,701.9909689970224,644.1056855649376,692.3678682090456
tt_25.5h,,,,,,962.0620833734423,939.1685712286425,1270.4824057726225,,610.4979562156786,,,,827.8410303459899,753.2679471172432,,452.77183632163053,452.63864142269927,,650.5637459382202,465.90130782299485,,391.14938052094794,656.4063671912661,902.6545735993654,,599.2483362316851,,406.50792754749733,702.8263720399087,645.2027479985941,693.2619142147141
tt_25.6h,,,,,,964.4700027535313,939.6957301183206,1275.3153580850674,,613.1078980240572,,,,827.9417221302442,755.3301587102591,,452.77183632163053,452.8838747350326,,650.5637459382202,465.59174382606136,,391.14938052094794,656.4063671912661,903.9439706519554,,599.2483362316851,,407.2841231144673,703.6535634683061,646.2920807348795,694.1485627989092
tt_25.7h,,,,,,966.8548787927646,940.1999404734495,1280.0704986300884,,608.8795990041236,,,,828.0358588769814,757.4163819363521,,452.6098675874018,453.12672288439484,,650.6059863452126,465.27493942897183,,391.14938052094794,657.442267134467,905.2126726236736,,599.2381725875767,,408.0598820772039,704.4724421435047,647.374016489049,695.0277866391287
tt_25.8h,,,,,,969.2188236886851,940.681585453984,1284.7525835429865,,611.557655316753,,,,828.1238899885091,759.9829473291827,,453.96420267163467,453.36718010498623,,652.5779679180691,465.3061741869512,,391.14938052094794,658.4805994803094,906.4602984465486,,601.207485306387,,407.257250223756,705.282900997777,648.4488694922262,695.8995529604745
tt_25.9h,,,,,,971.5612071093866,941.1410250516983,1289.3658671995158,,614.079576194565,,,,828.2058218891008,762.3674782588226,,455.37218372157326,453.605241107862,,654.5172706562721,464.98321665568596,,391.14938052094794,659.5214791422887,907.6866188584653,,603.1319531692554,,408.02657529828593,706.0849998858642,647.6498937815812,696.7638237561855
tt_26.0h,,,,,,973.8839590456952,941.5786749946176,1293.9132998291727,,609.942998535696,,,,828.2821087370568,762.1799764044072,,453.7797655255224,453.8409011057317,,656.3673707117323,464.6625926521745,,391.14938052094794,660.5648905992531,907.7476463418357,,601.1210650561131,,408.8034177726595,706.8786940026494,648.7428305064017,697.6205560061843
tt_26.1h,,,,,,976.1854248956929,941.9949691189354,1298.4020917782423,,612.5113241914681,,,,828.3530420345211,762.1799764044072,,455.14571089409503,454.0741558384743,,656.5490929591886,464.3595608555731,,391.14938052094794,660.5648905992531,907.7476463418357,,603.1012014865278,,408.76879973944125,707.6638893631803,649.8282917444388,698.4697018938948
tt_26.2h,,,,,,978.4708003734902,942.3903698752238,1302.8335775027206,,610.9705541734735,,,,828.4213836353694,764.6334893170397,,456.5362795779831,454.3050015994792,,656.5490929591886,464.0805959418758,,391.14938052094794,661.6108166312221,908.9414571662344,,605.0195843576796,,408.76879973944125,708.4404900743375,650.9065802858249,699.3112090215926
tt_26.3h,,,,,,980.7370190220294,942.7654582731896,1307.2115491912043,,610.9705541734735,,,,828.50349427907,766.9301383165537,,456.3163886416124,454.5334352629567,,658.4146997039684,464.0805959418758,,391.14938052094794,662.6592382132972,910.1120824902905,,606.8440194648575,,409.546877841824,709.9675160496774,651.9779816944812,699.328327566714
tt_26.4h,,,,,,982.9852146639622,943.1205564923679,1311.5372711429802,,613.4772415353133,,,,828.5798944600294,769.0862960518872,,456.3163886416124,454.7594543124455,,660.1844098990036,463.7659478419641,,391.14938052094794,663.7139918045098,911.2594931783987,,606.9372269513261,,410.313307294356,710.7177424218078,653.0427649981542,700.164081603279
tt_26.5h,,,,,,985.2130222561384,943.4563032455583,1315.8140686127717,,611.9564070941137,,,,828.5830889610867,769.2735108225882,,457.6903305253944,454.99127076188336,,660.4416511338112,463.4453229103222,,391.14938052094794,664.7675917391545,912.3829554924312,,606.9372269513261,,409.510808617199,711.4589769165291,654.1011833506822,700.9916921051016
tt_26.6h,,,,,,985.3604981624604,943.7795070751465,1320.0423015472452,,611.9564070941137,,,,828.6490552121047,771.4845085518212,,457.4762321935097,455.22080516763964,,662.2237755247957,463.14136411959043,,391.14938052094794,664.7675917391545,913.4825074049404,,608.746771436549,,410.29027732976044,712.1911182031449,654.4140130668613,701.8111001729692
tt_26.7h,,,,,,987.6210939847616,944.1528319112384,1324.22475732265,,610.4341482351177,,,,828.7102225099035,771.4845085518212,,457.4762321935097,455.44800184764784,,662.2237755247957,462.8699916988851,,391.14938052094794,665.8233648165839,914.5576616649512,,608.8397933142367,,411.05818002036574,712.9140647110618,655.4819095008271,701.8111001729692
tt_26.8h,,,,,,989.858949816667,944.5064459864334,1328.3607805438216,,610.4341482351177,,,,828.76686020936,773.7860241852505,,458.83432119414095,455.67285895727264,,663.9463191242895,462.8699916988851,,391.14938052094794,666.8814947933242,915.6081216485351,,610.6389148425602,,411.0336334059591,713.6277149211606,656.5432948382844,702.6222430683594
tt_26.9h,,,,,,992.0796510349505,944.8408255357444,1332.4520528059072,,612.9745804147591,,,,828.76686020936,776.5625066470977,,458.62520614824695,455.89537541811524,,665.6180049397775,462.56296010436773,,391.14938052094794,667.9419594649343,916.633603189505,,610.6389148425602,,411.0336334059591,714.3319676606967,656.5432948382844,703.4250544346518
tt_27.0h,,,,,,994.2780495864549,945.1565449242245,1336.4981370389564,,611.445723802705,,,,828.8192284148807,776.0622228744903,,459.9682069621965,456.11538307248384,,665.9972069629677,462.2489242347104,,391.14938052094794,669.0047356509821,917.6338350688559,,612.3654107670797,,411.80316648349475,715.0267224015314,657.5983976676175,704.2194645170055
tt_27.1h,,,,,,996.4565903173489,945.4541710063794,1340.4988894376747,,611.445723802705,,,,828.8695524377721,778.8973875764711,,459.9682069621965,456.33282610976636,,667.6564611786546,461.96022957724074,,391.14938052094794,669.0047356509821,918.6083476116687,,612.5411340402222,,411.7769657803289,715.7118795614151,658.6474322882356,705.0054003806488
tt_27.2h,,,,,,998.6128519694752,945.7342874880795,1344.4534133874574,,614.0132432991824,,,,828.9308127753612,781.5593634916374,,461.30790901169473,456.32982628365517,,667.6564611786546,461.6581597691967,,391.14938052094794,670.0697991753507,919.557319077884,,614.2888896844928,,412.54828957898644,716.3873408079983,659.6905992664681,705.782786127111
tt_27.3h,,,,,,1000.7472485669927,945.9974925191707,1348.3619156293234,,612.4586337829394,,,,828.9876039171509,781.5593634916374,,461.0919140274832,456.5424921839487,,669.5974876760123,461.6581597691967,,391.14938052094794,671.1371248472295,919.1728535143137,,614.2888896844928,,412.54828957898644,717.0530093652053,660.0133805357508,706.551543107603
tt_27.4h,,,,,,1000.7472485669927,946.2443971848222,1352.222934444298,,612.4586337829394,,,,829.0403601639697,784.0628752285792,,462.4370282706462,456.7525666581682,,669.7240959166614,461.3561263195832,,391.14938052094794,672.2066864429548,920.1413068918969,,614.43637881779,,412.5202971637088,717.7087903215104,661.0648424871133,707.311590132148
tt_27.5h,,,,,,1002.8603085981363,946.4756190566166,1356.0352257425484,,610.9922073316682,,,,829.088857148141,783.9854671638977,,462.4370282706462,456.9600454627569,,671.5781219455969,461.0778999487091,,391.14938052094794,673.2784566888583,921.0973562947769,,616.1648952144488,,413.2935753815312,718.3545909396381,662.1102392168353,707.2590646971403
tt_27.6h,,,,,,1004.951093669105,946.6917858889517,1359.797303748747,,613.5380518120276,,,,829.0833607612859,786.5691149437567,,462.2053394383409,457.1649248354691,,673.5117066203995,460.7637759505575,,391.14938052094794,673.2784566888583,922.0288121184183,,618.1612818261196,,413.2935753815312,718.9903209671322,663.1497499206445,708.0130257683526
tt_27.7h,,,,,,1007.0204635782425,946.893528805875,1363.5071092249998,,613.5380518120276,,,,829.124421095904,789.0005770354154,,463.5546708109712,457.3672015068496,,673.5117066203995,460.4433474157079,,391.14938052094794,674.3524072453106,922.9356179698193,,618.1612818261196,,413.2636537787693,719.6158929471658,664.1835413509348,708.7591143365528
tt_27.8h,,,,,,1009.0689153989764,947.081480976436,1367.163410028088,,612.0927732898763,,,,829.1621753936183,791.3093564067389,,463.5546708109712,457.56687271137343,,673.5111127928775,460.4433474157079,,391.14938052094794,675.4285086921674,923.8175811204899,,618.0701202405123,,414.03905366124553,720.2312225289435,664.1835413509348,709.4972228468055
tt_27.9h,,,,,,1011.0962405325695,947.2563331198882,1370.7637197183792,,614.6601098516763,,,,829.2016028139614,791.3093564067389,,463.30835099634976,457.76393619821613,,675.4870065816605,460.1731821839613,,391.14938052094794,676.5067305158445,924.6745377128561,,620.0713631611061,,414.80349708117,720.8362287769479,665.2117682841807,710.2273427828035
tt_28.0h,,,,,,1011.1773440441336,947.4185932044264,1374.3057188289356,,610.700929252922,,,,829.2464115844393,791.5690639291693,,464.66059805316934,457.96348566676755,,677.380425821444,459.8720666281688,,391.14938052094794,677.5870410982745,925.5062561573767,,621.9554658761017,,414.80349708117,721.4308344782603,665.5355573166771,710.9494011812253
tt_28.1h,,,,,,1013.2054393095281,947.568951182552,1377.786916229735,,613.1947375930308,,,,829.2874917295613,793.9479605358719,,465.99735408696114,458.16435821932987,,679.1815617841611,459.565121449322,,391.14938052094794,677.5870410982745,926.3128314463103,,621.9554658761017,,414.78475846079385,722.0149664471065,666.570826364718,711.6632958514317
tt_28.2h,,,,,,1015.2087535224728,947.7080275726165,1381.204413917642,,613.1947375930308,,,,829.3252623041527,796.3728799219085,,464.40078686281504,458.3626614052496,,677.4755715626521,459.25244019677825,,391.14938052094794,678.6694077080109,927.094096316931,,621.9506477490199,,415.55157142601973,722.5885558257322,667.6002850622388,712.368924257182
tt_28.3h,,,,,,1017.1829646483401,947.8364365820554,1384.5559395349574,,611.7225341300593,,,,829.3599527030757,799.365650760102,,465.7545290013595,458.5583922271929,,679.3675633910376,459.28335510428644,,391.14938052094794,679.7537964937843,927.8500163599513,,623.8483014802242,,415.55157142601973,723.1515383806802,668.6240693316234,713.0661837604536
tt_28.4h,,,,,,1019.1354206750801,947.968734265939,1387.8383373798035,,614.2380682286793,,,,829.3917495977362,799.365650760102,,467.08061205430164,458.75154821751323,,681.1790620221553,458.96576343317474,,391.14938052094794,680.8401724808384,928.580592417471,,625.6515394545593,,415.5307287527875,723.7038547934596,669.6423041799885,713.7549718689417
tt_28.5h,,,,,,1021.062169383636,948.1190530056984,1391.0486160311368,,610.3501040697994,,,,829.4208828841819,798.9127741513386,,465.48245449913577,458.9421274480786,,682.934733232131,458.66486250309833,,391.14938052094794,681.9284995703904,929.2858614507987,,623.8386245901137,,416.3000850420588,724.2454509445803,670.6551040957246,714.4351864871138
tt_28.6h,,,,,,1022.9623636342516,948.38669148855,1397.2405313306142,,612.85970354602,,,,829.384301607093,801.766585343526,,466.83613623710687,459.130128539674,,684.6292598391495,458.36615305456365,,391.14938052094794,681.9284995703904,929.9658972419303,,625.7448210103838,,417.0589271820138,724.7762781898745,671.6625734288255,715.1067261706439
tt_28.7h,,,,,,1024.8346840766815,948.5050642186471,1400.2157844753526,,615.2845875365742,,,,829.4109083345669,804.6936655702752,,468.15232410700816,459.31555067095854,,683.1603906975577,458.0917829735561,,391.14938052094794,683.0187405426086,929.2944869188271,,627.5412939848914,,416.2770092167339,725.2962936279964,671.9892073191669,714.616560153019
tt_28.8h,,,,,,1026.6803553559826,948.6138653067658,1403.1067079750949,,611.4088781786254,,,,829.4431689004515,807.4477569950145,,469.41543836306766,459.49839358694555,,684.927031107071,458.0917829735561,,391.14938052094794,684.110857063497,929.9516515991645,,629.2652377342433,,417.0490867684994,725.8076566064909,671.9892073191669,715.2830844835119
tt_28.9h,,,,,,1028.4967744285418,948.5930773222402,1405.9100887529928,,613.9329367430313,,,,829.4750475681346,810.0511834311314,,467.90503848968814,459.67865760700363,,686.6384832809737,457.7835018468356,,391.14938052094794,685.2048096961427,930.5836875048753,,627.5765667308125,,417.81072319071063,726.3059762721659,673.0019834795513,715.940596890995
tt_29.0h,,,,,,1030.2857175791676,948.6846264923234,1408.6229687346397,,612.5716607722643,,,,829.5042329703647,807.2040463914102,,469.21212640816515,459.856343632343,,688.2925142856589,457.4702832107292,,391.14938052094794,686.3005579167639,931.1907893742647,,629.3933128471858,,417.0236512287839,726.79339050165,674.0091305428429,716.5890035367026
tt_29.1h,,,,,,1032.0452732461592,948.7683499170935,1408.096706067103,,612.5716607722643,,,,829.5309159104124,810.0552024809831,,470.4683648253415,460.031453152978,,688.6402680795779,457.1685497521457,,391.14938052094794,686.3005579167639,931.7731894359556,,631.1351774502724,,417.79863252196134,727.2698817587839,675.0107365929489,717.2282121602979
tt_29.2h,,,,,,1033.7753682845505,948.844766412483,1410.6616387942288,,614.9786513526143,,,,829.5553053991026,812.7516116221045,,470.25957447455085,460.01598535745217,,688.6402680795779,457.19603406298125,,391.14938052094794,687.3980601360512,932.3311571374505,,631.274820483583,,418.5632445614576,727.7354394176949,676.0068804372742,717.8581323520108
tt_29.3h,,,,,,1033.397768000095,948.9143756751461,1413.1244838128503,,611.1663448082892,,,,829.5774944326664,815.3141484889951,,470.25957447455085,460.18615079337235,,690.3045620911562,456.90250595637167,,391.14938052094794,688.4981324699852,932.8649986595291,,631.274820483583,,418.5487871856833,728.2146490559605,676.9976319439934,718.4786758260014
tt_29.4h,,,,,,1035.0957091564171,948.9776575405808,1415.4832601151222,,613.693934094985,,,,829.5976876712189,817.7546897315929,,471.5093705561284,460.36215022080574,,691.9194665383287,456.6044793632525,,391.14938052094794,689.5990596759569,933.3750562149522,,633.001592192889,,418.5487871856833,728.6942346993868,677.9830523665427,719.0897566944261
tt_29.5h,,,,,,1036.7601958323303,949.0611828411089,1417.7362619913138,,612.377222772493,,,,829.616033104579,818.0696102409835,,471.3030247535293,460.5364695211147,,692.3284724778318,456.30208056441535,,391.14938052094794,690.7016119149663,933.8617071321469,,634.7486457514403,,419.3160444888399,729.1632314777885,678.2996458311652,719.6912917417092
tt_29.6h,,,,,,1038.3906298970633,949.1376204399796,1419.882099452362,,612.377222772493,,,,829.6340649073178,818.0696102409835,,471.3030247535293,460.7082326497611,,693.9614352529532,456.02583419241466,,391.14938052094794,690.7016119149663,934.3253627267787,,634.8939096742128,,419.29780215427064,729.6216173731262,679.2884840198086,720.2832006984205
tt_29.7h,,,,,,1039.9863802238813,949.207251374094,1421.9197365477503,,614.7988223769452,,,,829.6385721671129,820.5970057132258,,472.55014045292893,460.8774417847825,,693.9614352529532,456.02583419241466,,391.14938052094794,691.8057437042403,934.7664669664572,,634.8939096742128,,420.0668979544804,730.069377692247,679.2884840198086,720.865406514133
tt_29.8h,,,,,,1041.5464886417242,949.2705556509474,1423.8485266146747,,613.4904861235378,,,,829.6588176127966,823.0193917933852,,472.34830566512665,461.04409970991094,,695.6050902280292,455.71689588974505,,391.14938052094794,692.911408695061,935.2662757923897,,636.5979377608704,,420.0668979544804,730.5065052247633,680.2715920646789,721.4378356285955
tt_29.9h,,,,,,1041.5464886417242,949.3279917826507,1425.6682434558181,,613.4904861235378,,,,829.6772124579065,826.1037419170325,,473.5918189028378,461.2082098189506,,695.9556572719284,455.4299613444478,,391.14938052094794,694.0185597354379,935.7491060720491,,636.7838304872606,,420.82532223342974,730.9330003819899,681.2317751638469,721.4815701531215
tt_30.0h,,,,,,1043.0713526949908,949.37999862183,1427.37910744091,,615.8481525203367,,,,829.6938997009233,825.9192246669792,,473.5918189028378,461.3697761195182,,697.5580346393956,455.1674179775093,,391.14938052094794,695.1271489410273,936.2092422138819,,638.462777791367,,420.81549931831034,731.7541340144137,682.2035369245998,722.0369257242405
tt_30.1h,,,,,,1044.5599041326918,949.4269934792936,1428.981805570776,,614.5879181067294,,,,829.7090144795376,828.512546739069,,474.94609363172066,461.5288032361443,,699.3531495294174,454.87353007189455,,391.14938052094794,695.1271489410273,936.3006463012541,,638.462777791367,,420.81549931831034,732.1488123783746,683.1696738996001,722.5821997806072
tt_30.2h,,,,,,1046.0100785416903,949.4693724005577,1430.4775046347809,,614.5879181067294,,,,829.7227174680172,828.512546739069,,474.6249967996446,461.5288032361443,,699.3531495294174,454.87353007189455,,391.14938052094794,696.237127774405,936.7172610736018,,640.4013097560347,,421.5759936932859,732.5329382674888,683.454709686899,723.1173387016015
tt_30.3h,,,,,,1047.424501988585,949.5075101949498,1431.8678567371867,,613.3332906507084,,,,829.7227174680172,831.6978791379082,,474.6249967996446,461.6852964127023,,701.2116031806942,454.57609784736576,,391.14938052094794,697.3484471325468,937.1125057266958,,640.3595725939174,,421.56176321373107,732.9065515250398,684.4225915686519,723.6422935783557
tt_30.4h,,,,,,1048.8011120865165,949.5417606044574,1433.2627808317777,,615.7077803727059,,,,829.7350555640912,831.2819656684483,,475.97907931390625,461.839261514164,,701.1549933732583,454.3056605744955,,391.14938052094794,698.461057442104,937.4868989925106,,642.2419666454526,,422.324488967528,733.2696999727402,685.3844457683799,724.1570204613491
