Angular_Width,27.0,36.0,31.0,29.0,35.0,39.0,42.0,47.0,35.0,39.0,30.0,34.0,47.0,32.0,38.0,36.0,41.0,37.0,34.0,50.0,20.0,32.0,28.0,59.0,40.0,45.0,39.0,23.0,23.0,39.0,38.0,35.0
Velocity,1700.0,1323.0,1334.0,602.0,815.0,1081.0,950.0,1450.0,900.0,870.0,1638.0,1200.0,1020.0,830.0,1225.0,680.0,648.0,400.0,1040.0,974.0,341.0,850.0,538.0,1500.0,944.0,1150.0,930.0,685.0,460.0,670.0,680.0,640.0
Observed,395.0,846.0,558.0,501.0,501.0,711.0,502.0,563.0,374.0,429.0,423.0,419.0,620.0,487.0,483.0,373.0,568.0,352.0,532.0,530.0,564.0,451.0,401.0,483.0,462.0,438.0,461.0,376.0,376.0,383.0,423.0,491.0
Spheroidal,,710.4676766083032,,,354.61525730811104,459.600305278154,492.5728215715492,502.741889876291,,462.8919225266465,,,361.4426868020532,408.3362908000223,350.0804836500664,,,463.03190189151184,,446.4928809210446,364.88982700432877,,350.0879544371088,542.1233509050519,463.3502479949955,,,,,468.1167650440962,420.08040093741386,435.1565640594139
tt_1.0h,,710.3412074268599,,,311.65679541505364,716.0169889050879,326.08949567564304,335.62124795187265,,355.9999364733401,,,331.6849447594599,324.78062361686426,324.06994944284486,,,438.77005875036986,,326.0365030697412,357.87529115785514,,350.0879544371088,391.57760592192307,336.374577212128,,,,,325.67761938719025,447.55783590744926,466.3124635831496
tt_1.1h,,710.3457152183812,,,312.102769430337,697.2654036453462,328.98568104570273,339.5597766280209,,360.8594751593971,,,331.6849447594599,327.279893696336,324.4422669074931,,,438.8327604370975,,328.50562067091164,357.8811136932783,,350.0879544371088,396.7367978489488,336.4490583038952,,,,,327.4995819635585,443.37644033204083,464.81523628896053
tt_1.2h,,710.3457152183812,,,312.0903978858225,629.8794999512572,331.92910371458305,343.47723996778336,,365.69847527756224,,,317.456092136335,327.19887761492157,324.4422669074931,,,438.90015806112024,,330.9865749121373,357.8811136932783,,350.0879544371088,402.12555556503105,338.85960573807876,,,,,329.3338852954808,443.37644033204083,463.39841860826107
tt_1.3h,,710.3496106838373,,,312.0903978858225,629.8794999512572,334.90881568943746,347.28053291856173,,365.08613752222647,,,317.3474984314108,329.6321030616378,324.4649180366387,,,438.97008697805825,,331.0396056240069,358.064403467405,,350.0879544371088,401.95085388217734,341.26374573695216,,,,,331.17799226714186,436.20238298192663,462.0660442908822
tt_1.4h,,710.3513955383918,,,314.31754936370044,488.06187106126015,337.8874533445168,351.1260420232519,,369.3481238215266,,,317.3474984314108,332.0662254821492,322.6457138280396,,,439.04251957698153,,333.5650151607485,358.07127765972547,,350.0879544371088,407.31960631245164,343.73296297027656,,,,,333.0294977050251,429.27369851531984,460.820708201391
tt_1.5h,,710.3513955383918,,,314.30773322604614,408.9818742092591,340.810137709631,354.85085518761815,,369.3481238215266,,,317.3324276604071,332.0662254821492,322.6457138280396,,,439.11742666012225,,333.5650151607485,358.25107769647457,,350.0879544371088,407.31960631245164,346.24906720753285,,,,,334.8687446771167,420.40706136695206,458.59503583710665
tt_1.6h,,710.3558263809849,,,314.30773322604614,367.62856631998153,343.7787876187689,358.58307248898177,,373.5361469612678,,,317.3324276604071,334.5534055798953,322.68465747357357,,,439.1543292997444,,336.1088532883841,358.25107769647457,,350.0879544371088,412.76541812025283,348.74787675571616,,,,,336.71475783265885,409.71747448951,457.613992076825
tt_1.7h,,710.358413969337,,,314.29680305521924,366.16443274908573,346.7652756130418,362.23133631233344,,373.41006859586935,,,317.31644047438664,337.0578704668096,321.2225836523424,,,439.23412925999617,,336.17041932183247,358.4264498437947,,350.0879544371088,412.58881236562235,348.74787675571616,,,,,338.5673428171934,409.8099109549064,456.7187291468489
tt_1.8h,,710.3629356269635,,,316.54661042215963,366.12091523372976,349.66707159728827,365.84920141370844,,377.0478474377876,,,320.499077103188,336.9551175665764,321.2225836523424,,,439.316124047414,,338.70680517240305,358.43534650520974,,350.0879544371088,417.9911914800406,351.24383449810523,,,,,340.4208530224272,397.80018264448756,455.90676274881116
tt_1.9h,,710.3629356269635,,,316.54661042215963,369.2445507128058,352.5950402946923,369.3875070168084,,380.6214454634915,,,320.499077103188,339.4996712743799,321.2788000867152,,,439.3998212626407,,341.2511544019177,358.60874387779666,,350.0879544371088,423.30690301168283,353.8106847412226,,,,,342.27381715692735,385.243223460579,455.17501647715375
tt_2.0h,,710.3658085298438,,,316.5373356991166,372.390635027992,355.55241944890685,372.94659513098713,,380.6214454634915,,,320.4514841192086,341.99365353106555,321.2788000867152,,,439.48518888439145,,341.2511544019177,358.60874387779666,,350.0879544371088,423.30690301168283,356.3514577958393,,,,,344.12498111166013,373.0756284372811,454.5199377258167
tt_2.1h,,710.3704350021059,,,318.80261446337124,375.40767321989506,358.40393464032655,376.42688526330363,,380.43512153424405,,,320.4514841192086,344.5488453713944,321.33534904268475,,,439.57219375589256,,341.31600806570884,358.6193391031639,,350.0879544371088,428.58523125970675,356.40936612049245,,,,,345.97941255573164,367.6012992230502,454.52005794074876
tt_2.2h,,710.3746923794089,,,321.0598470797069,378.47844049192105,361.28925069476816,379.85686782536044,,383.8045076291881,,,320.4175407509839,344.5488453713944,321.29699784908405,,,439.6608015985978,,343.88895521349326,358.807131079941,,350.0879544371088,428.41603908046113,358.9234402416435,,,,,347.83531717462245,357.4649844589244,453.937751352444
tt_2.3h,,710.3736092307213,,,318.79403681466226,381.4394729873046,364.19264129889245,383.2586276626107,,387.04930160974527,,,323.38200785351995,344.43765511233164,321.29699784908405,,,439.7509770257753,,346.46816756410914,358.99030070296624,,350.0879544371088,433.6053120778524,361.50538777764086,,,,,349.67166800364765,353.2729898616249,453.42396874128156
tt_2.4h,,710.3780591515618,,,321.0522399762778,384.3905883068026,366.99326218217243,386.64382561704645,,389.9596886801978,,,323.38200785351995,346.98598528708203,321.3052781818802,,,439.8426835558978,,348.9977426447757,358.99030070296624,,350.0879544371088,438.71349569438644,364.0337954111681,,,,,351.5043918651444,353.2729898616249,452.9742613874032
tt_2.5h,,710.3825482733992,,,323.3191806626992,384.3905883068026,369.83431836023834,389.97247617525727,,386.595780322965,,,323.3408962719291,349.54673708190563,324.8907774726968,,,439.93588362578265,,346.52832284511175,359.00245220936426,,350.0879544371088,438.71349569438644,366.59167954696113,,,,,353.3330264363434,353.47729509228384,452.58400121781415
tt_2.6h,,710.3825482733992,,,321.04270825776734,384.37526223495433,372.6000816011332,393.27091571994447,,389.6639289100489,,,326.35400638604847,352.06463358173454,321.31315270372556,,,440.03053860339895,,349.06022587327567,359.1815631265558,,350.0879544371088,438.55744888272295,369.15152275786295,,,,,355.15724178540944,346.1297480074904,452.2484233783277
tt_2.7h,,710.3863166638366,,,323.30859950469926,387.25157777217,375.40174254222734,396.56021483527604,,392.4846095614598,,,323.3038285201124,354.5711420616224,324.8926665411084,,,440.1266088002848,,351.6091434189086,359.35609571872413,,350.0879544371088,443.617546813384,371.642507769678,,,,,356.9685349612898,343.32266000853633,451.96264254845244
tt_2.8h,,710.3910708002326,,,325.58715510246736,390.11562002836644,378.1429120550264,399.79573535603913,,395.2577852835623,,,326.3132264589461,357.12768647576087,328.4459879751867,,,440.22405348349304,,354.1804636297095,359.193998469859,,350.0879544371088,448.56685848114813,374.2011452209179,,,,,358.79292534955374,338.5975867789059,451.7216654563637
tt_2.9h,,710.3958843551643,,,323.303023904096,392.93674291497234,380.8402190175731,403.0152603219036,,394.90130904937985,,,323.26508537348843,354.4643723278528,324.8920624639053,,,440.3228308869939,,351.6696489635876,359.3691770358428,,350.0879544371088,453.43294363518913,376.6876924088034,,,,,360.6122665080548,340.2906101428434,451.5203909754565
tt_3.0h,,710.3952807444127,,,325.57988258019526,395.70758415676335,383.59218138690494,406.2027479227184,,394.90130904937985,,,326.2725966117034,357.01114835674133,328.4460969911399,,,440.42289822244106,,354.24187322799696,359.5569568255785,,350.0879544371088,448.42460757136735,379.19594827564924,,,,,362.4264450991449,341.9791997771247,451.35360106685755
tt_3.1h,,710.4001992481795,,,327.8615451654961,398.48894260185847,386.23608825054583,412.5131684685174,,397.7437957640836,,,329.2980829017402,359.5446467291554,328.44328605889564,,,440.48152687886096,,356.7397372725343,359.741907604968,,350.0879544371088,453.26922549568513,381.715937743903,,,,,364.2063032391326,343.674482207968,451.3548868024415
tt_3.2h,,710.4052351512934,,,325.57000232593816,401.1898508346874,388.9081843065785,415.6156673738187,,400.64969405362615,,,326.23479359952705,362.0175238770463,328.44328605889564,,,440.5840720020134,,359.2958317861512,359.57121235450677,,350.0879544371088,458.0892606232991,381.76625448868344,,,,,365.9821252861928,345.36272527615165,451.21751325358065
tt_3.3h,,710.4100393309628,,,327.85232706229857,403.88023951157476,391.5303193989812,418.7294948246313,,403.5341636335451,,,329.2583277222413,364.5067585235419,332.06403179764294,,,440.5840720020134,,361.8022861939696,359.7568291108974,,350.0879544371088,462.78077185325935,381.76625448868344,,,,,367.7669073475613,345.3614063990441,451.103825782476
tt_3.4h,,710.4100393309628,,,327.8476321152691,406.51901716401045,394.14169665714445,421.7829359085398,,400.3109631701773,,,329.21600270094785,367.0178461645761,332.0582511156559,,,440.6877718992928,,359.3493933546884,359.9378333181007,,350.0879544371088,462.65062056107473,384.2439432888033,,,,,369.54666082432243,347.04611261675586,451.0081423519339
tt_3.5h,,710.4153730589524,,,327.8476321152691,406.49044896786006,396.70395903267575,424.8685578187774,,403.2067962256261,,,329.21600270094785,366.900099168436,332.0582511156559,,,440.79257976295463,,361.8579320077761,359.95299519757117,,350.0879544371088,462.65062056107473,386.76647072598126,,,,,371.32133947055445,347.04611261675586,450.92456451607825
tt_3.6h,,710.4211392776538,,,330.13586939065885,409.13465089215407,399.2870418683443,427.8980622662014,,406.1098387796436,,,332.2802393652428,366.900099168436,335.7257792152119,,,440.89844780354366,,364.3728738581762,359.95299519757117,,350.0879544371088,467.2664642647771,389.208137722661,,,,,373.09004956960405,348.72391296274634,450.8469423945131
tt_3.7h,,710.4268316159377,,,330.1257507511929,411.75930083838205,401.8157890897996,430.89791381869355,,409.0229986400708,,,329.176199753978,369.3294873885868,332.04905268576334,,,441.00532725334955,,366.89563693739825,360.1301721517389,,350.0879544371088,471.853427134709,391.7007679475264,,,,,374.8251508269855,350.36923150790267,450.8503853700906
tt_3.8h,,710.4268316159377,,,330.1257507511929,411.75930083838205,404.3429805767161,433.93880193481783,,408.67907727310427,,,332.24411371162716,371.7867912890627,335.71583594227576,,,441.1144898516383,,366.95079211625233,360.3163059274469,,350.0879544371088,471.6972161753326,394.14267322446824,,,,,376.55256759290853,352.0095761074594,450.7730364194829
tt_3.9h,,710.4329650028527,,,332.40374929138676,414.31165841281023,406.8239517808599,436.900741255633,,408.67907727310427,,,332.20500018141973,374.2524095703081,335.7019557914826,,,441.2273706859971,,366.95079211625233,360.3333190202387,,350.0879544371088,476.2295938316228,396.5899780267251,,,,,378.27335888062,353.66001287246473,450.68860463691703
tt_4.0h,,710.439217687215,,,332.3996102862601,416.8249167914629,409.33225565771187,439.86033109185144,,411.5681606631431,,,332.20500018141973,374.1387495960219,335.7019557914826,,,441.3438801195723,,369.3849408055418,360.3333190202387,,350.0879544371088,476.2295938316228,399.0138898565286,,,,,378.2220967409773,355.3081695291489,450.58999515790117
tt_4.1h,,710.439217687215,,,332.3996102862601,419.350838029499,411.7892025287751,442.86766064549784,,414.4219096772572,,,332.16289721650776,376.51851604061795,339.27741816088127,,,441.46392760872396,,371.88673520076156,360.5211109107295,,350.0879544371088,480.7237092546468,401.4539832420667,,,,,379.9423243085822,356.93771713671384,450.46975861341247
tt_4.2h,,710.4458178752461,,,334.65263422931343,421.87377251941825,414.23102496629,445.8029420620008,,414.0959276686756,,,332.16289721650776,378.9287645794762,339.2667192373309,,,441.587421821532,,371.9431489338343,360.5383258839999,,350.0879544371088,485.0771484553728,401.48344787430744,,,,,381.66494749005875,356.9319476951125,450.60194619683557
tt_4.3h,,710.4527646309879,,,334.64202356345675,424.35302286248213,416.6267194721259,448.7264661960599,,416.96186877291404,,,335.24394613302314,378.9287645794762,339.2667192373309,,,441.7142707494953,,374.36358825314704,360.72226144674676,,350.0879544371088,484.9160260309601,403.89373447946787,,,,,383.3803456220145,358.56393531184347,450.48433223689653
tt_4.4h,,710.4600205853669,,,336.9029434421965,424.3480541784246,418.9983377948109,451.6298471125848,,416.96186877291404,,,335.2025819635311,381.34911282713927,339.256846057259,,,441.8443818124714,,374.36358825314704,360.72226144674676,,350.0879544371088,489.28885507164745,406.29154977667343,,,,,385.06328170811497,360.167354402023,450.33777673577094
tt_4.5h,,710.4600205853669,,,336.9029434421965,426.8368565721237,421.38145914622544,454.56278309569916,,419.74926715043256,,,335.2025819635311,383.70031061339273,342.9120323735758,,,441.9776619568973,,376.8389354731447,360.90180942230506,,350.0879544371088,489.28885507164745,408.65815880048524,,,,,386.72513601240695,361.7660057868904,450.15413353024013
tt_4.6h,,710.4675954535292,,,336.8975588918603,429.26695033188935,423.71892813107587,457.47066374504027,,419.40623259093195,,,335.16581287196027,383.5801360159401,342.9120323735758,,,442.0689248978171,,376.89166238577826,360.9198597191383,,350.0879544371088,493.62388362975815,411.04811952357426,,,,,388.4011248943137,363.3704082310631,450.1652251767634
tt_4.7h,,710.4757110018437,,,339.1630676480653,431.66698577165624,428.36969408926115,460.3525510619337,,422.19916042546635,,,338.1869614200182,385.9345832555292,342.8942147669103,,,442.2082843933234,,379.29095712497406,361.1067087050066,,350.0879544371088,493.4367676598882,413.4302969258751,,,,,390.05365090909015,363.3704082310631,449.9382866281255
tt_4.8h,,710.484094247843,,,339.1630676480653,434.08556470844314,430.6756543098625,463.2610098730171,,424.9511195914492,,,338.1869614200182,388.32196663315943,346.48860859786,,,442.35053124522267,,381.7549628241225,361.1067087050066,,350.0879544371088,497.7397961868694,415.8098486436572,,,,,391.70542864848437,364.96929792747073,449.6573483602674
tt_4.9h,,710.484094247843,,,339.16091864392087,436.47406716826686,432.9546314247686,466.1125984214701,,424.9511195914492,,,338.1475205175138,390.6218918917008,342.87843785503867,,,442.49557133230917,,381.7549628241225,361.1257537563254,,350.0879544371088,501.94255624853787,418.14771966227397,,,,,393.37151390341603,366.55191027233195,449.67349097236075
tt_5.0h,,710.4929580051763,,,341.41746089384515,436.47406716826686,435.19309868986454,468.9640234474308,,424.65583406408695,,,338.1475205175138,390.6218918917008,346.4739513636826,,,442.64331045449444,,381.7970358264632,361.3162784878628,,350.0879544371088,501.94255624853787,418.14771966227397,,,,,394.98250909185793,366.54968259656437,449.33277200006637
tt_5.1h,,710.8204509610067,,,339.1585150699524,438.81079747277937,437.4080768731269,471.8111216442374,,427.3610546892394,,,338.10422988514665,392.96330786270846,350.10260798297014,,,442.79365439174774,,384.2020202178205,361.5020695465318,,350.0879544371088,501.82463979804083,420.53462433858954,,,,,396.6131902625746,368.13393509079305,448.9204292274567
tt_5.2h,,710.8204509610067,,,341.40930382909636,438.81988147930844,439.6222671285248,474.66563528933693,,430.1201009305962,,,341.1516649918826,392.81808634612383,346.45923200418747,,,442.94650895651614,,386.56977671010674,361.5020695465318,,350.0879544371088,506.03161070804293,422.84346005779315,,,,,398.2156841088261,369.6659733594674,448.94367625990617
tt_5.3h,,711.0088933064714,,,343.6737738588202,441.1904184929308,441.80470697425557,477.4956563081806,,432.72272192258293,,,338.06477885350097,395.15297726647776,350.0804836500664,,,443.1017800394056,,388.93996746179124,361.5209452507201,,350.0879544371088,510.11698419936675,422.8441490455107,,,,,399.8315824282212,371.2112366781226,448.45508980398813
tt_5.4h,,711.376167430012,,,341.404235113879,443.5051708440335,443.96755780736396,480.3273615067398,,429.8142936532815,,,341.11229989578453,397.41311759220514,350.0804836500664,,,443.25937364768174,,386.6208347348472,361.7025024287581,,350.0879544371088,513.5534401266681,425.1947438627623,,,,,401.4550367571576,372.75896226094017,448.4828858525577
tt_5.5h,,711.7559431605873,,,343.6720669499717,445.8415686411422,446.17230133070933,483.1471627411064,,432.4171063132889,,,344.15813728717535,399.7229592694866,350.0537933170123,,,443.41919593581633,,388.97556948699525,361.8868881233372,,350.0879544371088,510.0152586796178,427.4799565832252,,,,,403.03766774834435,374.3040264097109,447.9106202254102
tt_5.6h,,711.5746199344643,,,345.8562521459271,448.1852448160065,448.3432405814783,485.9729208858092,,435.07999977165423,,,341.0766194563684,401.9668218999029,353.63475670883327,,,443.5811532266731,,391.3281874498384,361.7208838981666,,350.0879544371088,513.6406708609647,429.81631930389443,,,,,404.58580905657476,375.8553976945166,447.2418628941284
tt_5.7h,,711.9687390544265,,,343.66507335438155,450.47651241896983,450.4920736262702,488.7933434546794,,437.6678497665384,,,344.1246764837361,399.57948924803424,350.04186416897414,,,443.746722599392,,393.6614093786307,361.90640449892453,,350.0879544371088,516.4809232336569,432.0931616497594,,,,,406.17127873184796,377.35703549120973,447.2811096030583
tt_5.8h,,712.442922872645,,,345.8556298852382,452.78793046492177,452.58891986267014,491.6172534918829,,437.4143840690699,,,341.03665606329014,401.82698610820154,353.6122521727983,,,443.91663667629524,,391.36583473686227,362.0979998132164,,350.0879544371088,518.8096657357872,434.3962090349114,,,,,407.7542553970139,375.85309556369407,446.5152481366606
tt_5.9h,,712.8791852935499,,,348.07656197974296,455.05828450954255,454.7163389225051,494.43311606315785,,437.4143840690699,,,344.08661084893635,404.0323614447658,357.17023154410526,,,444.090772066541,,393.7114642279285,362.28502601087797,,350.0879544371088,519.1276478772409,436.6350108840427,,,,,409.31075014077544,377.34624352184727,446.56168107556965
tt_6.0h,,712.6695053750417,,,345.85378382477376,457.3225120663988,456.83150746178495,497.2273430536686,,439.9947393253238,,,347.0873678526717,406.3072032021488,353.5825902718316,,,444.2690085658628,,396.0350518236524,362.1170473418155,,350.0879544371088,519.1276478772409,438.9242158050166,,,,,410.8810650931317,378.8472597441774,445.6940771577597
tt_6.1h,,713.1152318911217,,,348.0651121860265,457.29898499773094,458.92419277529524,499.99262636232487,,442.50296088107365,,,344.0440338752606,408.4916917583219,357.15222602956885,,,444.45122929017936,,398.35752268349694,362.3044524992446,,350.0879544371088,521.1098061752507,441.16577585054773,,,,,412.4093164408225,380.3574547028824,445.7487299038811
tt_6.2h,,713.6529556915801,,,350.2971757973417,459.600305278154,460.925154002177,505.48604975157576,,444.97056805681177,,,347.0459260794402,410.7125580410401,357.12693628071895,,,444.5896645683489,,398.38997464006735,362.4874308660471,,350.0879544371088,522.7504860041741,443.436665760211,,,,,413.911977445568,381.87925433368815,445.80313918103997
tt_6.3h,,713.3589954423951,,,348.0642360825147,459.600305278154,463.02224159600814,508.32591841638913,,442.2534099450523,,,344.0057205072885,410.55689536076227,357.12693628071895,,,444.77952506335265,,398.38997464006735,362.50661059794265,,350.0879544371088,524.1301769559849,443.4559663272022,,,,,415.45586617363693,383.388407445576,444.83978020437183
tt_6.4h,,713.9116349552208,,,350.2912074356919,461.86416214059415,465.0596196401859,511.14959416596184,,444.746774787119,,,347.00881957724016,410.55689536076227,360.65992733458285,,,444.9730396045526,,400.6988242447298,362.50661059794265,,350.0879544371088,524.6557295179376,445.689716499226,,,,,416.99162257435665,384.8425796606669,444.90406467070335
tt_6.5h,,714.4734003153123,,,352.5040104489893,464.11030211410645,467.04368420613,513.9234024327206,,447.2471869707966,,,346.9760228412813,412.7343144047245,360.637998784216,,,445.170105792891,,402.9919529186797,362.688900714307,,350.0879544371088,524.6557295179376,447.91942228429997,,,,,418.48635793094553,386.3027690533306,443.8358014065033
tt_6.6h,,714.7436188021351,,,352.50352341991726,466.28531232845114,469.09660844365015,516.6680563630375,,449.64915270712885,,,346.9760228412813,414.9248310677745,360.637998784216,,,445.170105792891,,405.2734461367532,362.88211241624697,,350.0879544371088,525.8972173788503,447.91942228429997,,,,,420.0345128316603,386.31183389357966,443.9105822018306
tt_6.7h,,714.7436188021351,,,352.50352341991726,468.4903568015408,471.11985309206887,519.3562905216104,,449.4031786333993,,,349.9654872926139,417.10861297604,364.11045221940356,,,445.3706251274139,,405.2966877272397,362.9019542134525,,350.0879544371088,526.9799804013878,450.1265867002071,,,,,421.4879160661509,387.79623689335915,442.73840418099326
tt_6.8h,,715.2762890382164,,,352.4964060591162,470.7466234190216,473.0683693738169,522.1864385991543,,449.4031786333993,,,349.929011546623,419.24828751495033,364.0827206651951,,,445.574503110342,,405.2966877272397,362.9019542134525,,350.0879544371088,527.5761445518374,452.32592027819464,,,,,422.9895412152864,389.26107158276676,442.82485756693137
tt_6.9h,,715.5589398612058,,,354.6189227673256,472.96312604486116,475.12039893649325,525.0018181797849,,451.8104906404329,,,349.929011546623,419.12903528361903,364.0827206651951,,,445.78164935155706,,407.5702392751815,363.09113844710623,,350.0879544371088,528.5837917183447,454.5856721121023,,,,,424.48032559330017,390.73629425790904,441.5521431541382
tt_7.0h,,716.2666611878735,,,354.6189227673256,472.963031491712,477.0937809710703,527.7391101601986,,454.1715768378639,,,349.88710408155873,421.2565494085572,364.0530112745937,,,445.99197767374613,,409.8298376285407,363.1106752698761,,350.0879544371088,528.5837917183447,456.7729536798109,,,,,425.9581414349638,390.73629425790904,441.6514456362501
tt_7.1h,,716.2666611878735,,,354.61525730811104,475.1411977059737,479.0557183837845,530.4151155939909,,453.9371322172607,,,349.88710408155873,421.2565494085572,364.0530112745937,,,446.2054062195464,,409.85019620790956,363.2959655938533,,350.0879544371088,529.5043443619975,458.98404155411305,,,,,427.45602905670813,392.181447763442,440.28413723256733
tt_7.2h,,716.9152814505293,,,356.77955706982345,477.3699316800884,481.0447676153421,533.2306667876635,,456.2540298138249,,,352.8858820925094,423.3929860925591,367.519248568164,,,446.421857562182,,412.0692483162299,363.2959655938533,,350.0879544371088,530.1443154517631,461.1225753416311,,,,,428.9042528883559,393.600626328666,440.39743488283125
tt_7.3h,,717.2326132185931,,,356.77955706982345,479.5720082218951,482.9140289447108,536.0510990990881,,456.2540298138249,,,352.85643542447946,425.5070032976547,367.48875405049927,,,446.6412588213528,,412.0692483162299,363.47709533365435,,350.0879544371088,531.0193074393605,463.3491329209221,,,,,430.3805997032523,395.0448645457351,438.94412286791504
tt_7.4h,,717.8520337909893,,,356.78024420642134,481.6785947434669,484.93624865071337,538.7699956509363,,458.55379244573567,,,352.85643542447946,425.3410707077873,367.48875405049927,,,446.8635417866126,,414.31951432409596,363.49659135707986,,350.0879544371088,531.0193074393605,463.3502479949955,,,,,431.79731926612175,396.4996097495414,438.94412286791504
tt_7.5h,,717.8520337909893,,,358.94273936480926,481.6785947434669,486.822501177743,541.4466009273385,,458.3811093959813,,,352.8255307619091,427.4923263548096,367.44842547901504,,,447.08864305127815,,414.33039663555496,363.68962056127197,,350.0879544371088,531.8475105612592,465.5059750166713,,,,,433.2772473053455,396.4913237837762,439.07249799435783
tt_7.6h,,718.1802619370411,,,358.94273936480926,483.91752680172016,486.7662552610622,544.2981814774655,,460.68051064698267,,,355.7443305443198,429.55912935278155,370.9343624829203,,,447.31650416139615,,416.5199282835756,363.68962056127197,,350.0879544371088,532.5160154280197,467.6588252714717,,,,,434.7116310226444,397.8991850789175,437.5444573556236
tt_7.7h,,719.0049707148554,,,358.9455193120553,486.07813582732433,488.72460106687896,547.0398127578013,,462.8919225266465,,,352.7888066239791,431.6796993898391,370.9343624829203,,,447.49545107849514,,418.75365576682805,363.70858803336847,,350.0879544371088,533.3183060723237,469.8477485507433,,,,,436.177497134512,399.318571026293,437.6890256961534
tt_7.8h,,719.0049707148554,,,361.0649059698761,486.05719392071506,490.5970298359046,549.68911412866,,462.8919225266465,,,355.72115451397246,431.6796993898391,370.89133025606424,,,447.7262260646365,,418.75365576682805,363.8996902732231,,350.0879544371088,534.0952384266692,471.9922294860861,,,,,437.60726558682114,400.7368959966282,436.1000469888192
tt_7.9h,,719.344698246861,,,361.0649059698761,488.2583841867771,492.5728215715492,552.5472552340183,,462.75042630834815,,,355.72115451397246,433.7355518067681,374.2899767890884,,,447.95827865302317,,418.7563094826976,364.08644557264336,,350.0879544371088,534.0952384266692,474.1050684618011,,,,,439.07234553498176,402.1551018824794,436.2616644384576
tt_8.0h,,720.1177361481526,,,361.06050173636794,490.4146190684372,494.40131394964436,555.2823562077945,,464.9981224567533,,,355.6847189885475,433.56593121177946,370.842740677972,,,448.1915671762073,,420.9270892092054,364.08644557264336,,350.0879544371088,534.7824304645317,476.27412293686154,,,,,438.95789731935054,403.58213120030115,434.6276393772732
tt_8.1h,,720.832892563044,,,363.17511006886446,492.502008842383,496.35885103277303,557.954274998826,,467.1196213706609,,,358.607048613838,435.6553505475042,374.23999285429954,,,448.4260525822636,,423.1175502063316,364.1048402261343,,350.0879544371088,535.5467115662989,478.41923097887513,,,,,440.3530980461244,404.94042085107185,434.80697612543986
tt_8.2h,,720.832892563044,,,363.17511006886446,494.713656025486,498.1652533789281,560.8176526927795,,469.3498544624347,,,355.6585159247295,437.6896386652865,377.6726667713518,,,448.6616985067123,,425.2777412428018,364.2876098638382,,350.0879544371088,536.2964944980222,480.5164438380099,,,,,441.78943270434337,404.94042085107185,434.98688198778063
tt_8.3h,,721.1988433130275,,,363.1642220745063,496.8539991221009,500.1357360752743,563.496727225292,,467.002752570133,,,358.5801690872699,439.7445122354997,374.1956583527821,,,448.89847134982216,,423.16175189558044,364.4741187158573,,350.0879544371088,537.0370127068046,480.5164438380099,,,,,443.18407101852966,404.9516633547268,435.1671369935946
tt_8.4h,,722.0909141366665,,,365.27750758109585,498.94265247747427,501.9278351414615,566.2531873308636,,469.21355138792484,,,358.5801690872699,441.7820105747884,377.6142210756401,,,449.1363403598248,,425.3176194852277,364.30522570235274,,350.0879544371088,537.0370127068046,480.4957446167145,,,,,444.6035859892225,406.35148705034936,433.54100899719987
tt_8.5h,,722.9552405457227,,,363.16564079712253,501.12898103642954,503.90290896420487,569.0502518931322,,471.2754922706664,,,358.5465860576832,441.7820105747884,380.9724150918227,,,449.3752777226148,,427.4599457523393,364.4917236652604,,350.0879544371088,537.7417742341538,482.6443875099377,,,,,446.02749541599667,407.7151005354279,433.73974883182564
tt_8.6h,,722.4629724167256,,,365.26133220408985,503.192680361469,505.6904788427173,571.6505062268161,,473.47709794103304,,,361.4759977448215,441.6471701334292,377.5774508696143,,,449.6152586585886,,429.6189277308311,364.68438247812026,,350.0879544371088,538.4797090739903,484.68804169447765,,,,,447.4266964643773,409.13683740231005,432.1056814343891
tt_8.7h,,723.3401079209058,,,367.37439504544346,501.1324512171461,507.6267165750923,574.5705700953888,,473.3457078710847,,,358.5060698520807,443.6420519786444,380.92337923184385,,,449.8562615273837,,427.4742487448567,364.87284261447024,,350.0879544371088,539.2130385655331,486.8458120305223,,,,,448.84769252159356,410.5158537589105,432.32292322750345
tt_8.8h,,724.1507547918887,,,367.35439075403957,503.2517832910037,509.4101119064734,577.2301064435255,,473.3457078710847,,,361.4426868020532,445.67810186621665,377.5355042442103,,,450.0982679414311,,429.6254325462543,364.7011141013293,,350.0879544371088,539.9433300433257,488.9205972332639,,,,,450.2188553277522,411.8965114614153,432.540761688857
tt_8.9h,,723.731038930044,,,367.35439075403957,505.4069300421705,511.3220280823596,580.0102599734545,,475.38276160167646,,,361.4192781997109,447.6360950757084,380.8817656229058,,,450.3412628894611,,431.75001548480543,364.88982700432877,,350.0879544371088,539.9269650933586,490.9860874127552,,,,,451.66066153722466,413.26117582262043,432.79139278425964
tt_9.0h,,724.5494364132792,,,369.39849309013766,507.44724631708937,513.143386738918,582.7874872608888,,477.5435026821318,,,361.4192781997109,449.6674737326596,384.21103065266925,,,450.585234871473,,433.8747650842224,365.07447060272244,,350.0879544371088,540.6604534003608,493.11393022797506,,,,,452.99366716465204,414.61946074146545,433.960830974465
tt_9.1h,,725.4485089538937,,,369.3808830019555,509.64429108054634,514.9939766592946,585.4542862920624,,479.55038453370446,,,364.26262325378855,449.5368382305431,380.82677114741387,,,450.8301760472362,,433.9135088921329,365.0905929454463,,350.0879544371088,541.3922683552752,495.1407679647687,,,,,454.40212119181206,414.644312920263,435.1565640594139
tt_9.2h,,725.8357029003089,,,369.3808830019555,511.7003370499246,516.8590910209882,590.8830736460827,,477.4010582995411,,,361.3876425023898,449.5368382305431,384.15349162605185,,,451.0224150539736,,433.9135088921329,365.0905929454463,,350.0879544371088,542.1233509050519,497.2734939189202,,,,,455.76202023631134,415.9967620215268,436.3138353173982
tt_9.3h,,725.8357029003089,,,371.437288767773,513.8518604837485,520.5212223858234,593.8207234547867,,479.4203781874332,,,364.2256389271259,451.47727753051635,384.0776748271114,,,451.2692668125073,,436.02337491131857,365.27155268163943,,350.0879544371088,542.847551971141,499.32022314673725,,,,,457.13571586055326,415.9967620215268,437.52514027591644
tt_9.4h,,726.8434107594163,,,371.43617049889417,515.928495904699,522.2613596145204,596.4126988701519,,481.51555629638113,,,364.1887908039922,453.46909812880693,384.0776748271114,,,451.51708739865717,,438.1604716464774,365.46296652348155,,350.0879544371088,542.847551971141,499.22116791075683,,,,,458.5363293962578,417.3853254360515,438.6684434194328
tt_9.5h,,727.7550981160396,,,371.43617049889417,518.0516788587886,524.1625916123819,599.330443288772,,483.475467932033,,,364.1887908039922,455.45361705021884,387.38884648700093,,,451.765861790994,,440.22572072214314,365.4776378224203,,350.0879544371088,543.5809858626209,501.3604530515703,,,,,459.8581246093947,418.71893833820207,439.8939921298512
tt_9.6h,,728.1655242646722,,,373.4992708801917,518.0998399261309,525.9595687751574,601.9489802661432,,483.4067910216639,,,367.046133054767,457.39771773433154,387.3459844312666,,,452.01324310445904,,440.2097087433374,365.4776378224203,,350.0879544371088,544.3143742313928,503.32117359712356,,,,,461.2799641671771,420.08040093741386,441.05632070452003
tt_9.7h,,728.1655242646722,,,373.4880035623849,520.0798162924888,527.7359899708656,604.8191555740086,,483.4067910216639,,,367.01517735447084,457.25360033377456,387.3459844312666,,,452.25922125142716,,440.2097087433374,365.6685596023278,,350.0879544371088,545.0451065233589,505.4578099933662,,,,,462.6375634810475,421.40500787809145,442.25913922483016
tt_9.8h,,729.0129745415469,,,373.4880035623849,522.2832596234786,529.6005333334176,607.4746924814062,,485.42418203672486,,,367.01517735447084,459.2454670331721,387.28871722327233,,,452.50378659578683,,442.3004342064674,365.6822595742023,,350.0879544371088,545.7819085842724,507.43123200249823,,,,,464.00284883172736,422.77417009584985,443.44453479121927
tt_9.9h,,729.4378993441218,,,375.4757347834069,524.2782516991502,531.3144559584563,610.3386472950624,,487.38051155001546,,,366.97472348082687,461.1399873516394,390.5437183292063,,,452.50378659578683,,444.4072105540366,365.8694459013076,,350.0879544371088,545.7819085842724,507.43123200249823,,,,,465.3930984114583,422.7844302971189,444.6157558688469
tt_10.0h,,730.5042566076587,,,375.47601191839897,524.2782516991502,533.2067713818385,612.9773374348686,,487.3277607587472,,,366.97472348082687,461.1399873516394,390.5437183292063,,,452.7469299788762,,444.4278945512171,365.8694459013076,,350.0879544371088,546.5197800659398,509.5346750258912,,,,,466.71507091878686,424.10968376835194,445.82857119016967
tt_10.1h,,730.5042566076587,,,375.47601191839897,526.4696949897283,534.9937254837831,615.8524880567888,,489.2510393463247,,,366.9356321059927,463.0894959241753,390.47196073413755,,,452.9886427463411,,446.4928809210446,365.8820068625314,,350.0879544371088,547.2567519384919,511.5367103780054,,,,,468.1167650440962,425.48544504779375,446.976419986414
tt_10.2h,,730.9159083185455,,,375.46804817336937,528.4527523037739,536.7279541062424,618.4773373033487,,489.2510393463247,,,369.69276926057324,465.02494062807625,393.7489084190801,,,453.2289167759784,,446.4928809210446,366.0654815196128,,350.0879544371088,547.9980137139639,513.6118932847149,,,,,469.47551972119476,426.7686822339252,448.20288453964343
tt_10.3h,,731.9547118191516,,,377.4762133237716,530.6336237834458,538.6064589686134,621.3767602528907,,491.24594785321216,,,369.69276926057324,464.84178359265167,393.7489084190801,,,453.4677445066231,,448.5271538390189,366.24515620490496,,350.0879544371088,548.7407043849036,515.6105812382283,,,,,472.19997399844164,428.1279152399064,448.29286234988336
tt_10.4h,,731.9547118191516,,,377.4762133237716,530.6472488156679,540.3428501199428,623.9400252325032,,491.1840444481272,,,369.6555599707446,466.80406501658507,393.6950333811528,,,453.7051189681621,,448.572264843371,366.24515620490496,,350.0879544371088,548.7407043849036,517.6518127396627,,,,,473.5197622697052,429.4358447396193,449.5062036191558
tt_10.5h,,732.39027059859,,,377.4630854633261,532.7278682634594,542.1494303514994,626.8869994803182,,493.0620811032466,,,369.6555599707446,468.70795315105295,393.6950333811528,,,453.94103381277927,,450.65624278709294,366.256777144342,,350.0879544371088,549.484978890311,517.559666952734,,,,,474.8426617369374,429.4358447396193,450.65596540874
tt_10.6h,,733.3452229145215,,,379.48620008157513,534.8034923896349,543.9739871090812,629.3940823949587,,495.02837995533696,,,369.6081122554767,470.59598188419136,393.6247859697904,,,454.1754833475579,,452.717481582724,366.4474208579766,,350.0879544371088,550.2300134417612,519.5461032224962,,,,,476.2108520398889,430.788840157467,451.88054730529063
tt_10.7h,,734.2453147393593,,,379.48620008157513,536.8916368609246,545.6711444337717,632.4111838622299,,495.02837995533696,,,372.4208183760325,470.59598188419136,396.8192759453428,,,454.40846256862915,,452.717481582724,366.63683836044515,,350.0879544371088,550.977934911937,521.5868117381955,,,,,477.5172979330513,432.1169662437015,453.0659708973962
tt_10.8h,,734.2453147393593,,,379.47824792678796,538.9560750528798,547.5143797498511,634.9814963332262,,494.9293263404966,,,372.4208183760325,470.4795840961191,396.8192759453428,,,454.582827083154,,452.69111867850893,366.45609953418403,,350.0879544371088,551.7254443635575,523.5741650706237,,,,,478.8508651485503,432.14945586883715,454.23142308483705
tt_10.9h,,734.6718488557495,,,381.4294689829028,541.0698472837264,549.3246585194945,637.8986506136253,,496.86521100439563,,,372.388045213379,472.3373177533046,396.76977150880487,,,454.8128216463813,,454.7353373801669,366.6457460676515,,350.0879544371088,551.7254443635575,525.5841017658012,,,,,480.2175056300602,433.42801541383216,455.4578300024225
tt_11.0h,,735.822996827038,,,383.39870189932617,543.0770792608765,550.9903207843729,640.5654988493609,,498.74419119568176,,,375.0993272761933,474.2482992735307,399.9552263214094,,,455.0413349660509,,456.79427491715256,366.8315870753307,,350.0879544371088,552.4763043949883,527.5880755650631,,,,,481.5232456404662,434.77012288937703,456.62196201562574
tt_11.1h,,736.8688689923512,,,381.40109023348714,545.2324685647918,552.8446933823237,643.3567011609193,,500.6396621213554,,,372.34455963648355,476.13269178845707,396.70789257722714,,,455.2683651769342,,458.7899817795532,366.8315870753307,,350.0879544371088,553.229614087607,529.550322077775,,,,,482.85086697603674,436.070237812614,457.8220922054244
tt_11.2h,,736.2541773397435,,,383.3870724052157,545.2324685647918,554.6475219363414,646.1428128302443,,498.67414975699876,,,375.07654170346854,477.96905208632484,399.87490658897053,,,455.4939113119587,,456.7900640964032,366.8391972777065,,350.0879544371088,553.9846911027095,531.5577973447013,,,,,484.2141563180632,437.3984296132219,459.03067296690176
tt_11.3h,,737.3139735379767,,,385.3389408292052,545.2465341388397,556.3046417053748,648.7339682950403,,500.5856745788048,,,372.2937915360733,479.87897256840927,403.07428772977835,,,455.7179733583163,,458.7704534085236,367.0215782343574,,350.0879544371088,554.7415544684109,533.4644568026948,,,,,485.518398210204,438.7108656993848,460.1795985902923
tt_11.4h,,738.2881800422216,,,383.3688480494778,547.308015370838,558.1522097392203,651.6779949644313,,502.4279555297022,,,375.0461854405769,477.84769443279333,399.80182510697796,,,455.94609299931875,,460.8530384687226,367.2003667287902,,350.0879544371088,554.7412659362952,535.5266069309786,,,,,486.82840707294133,440.0189222674155,461.40627542955775
tt_11.5h,,737.7666435792444,,,385.3122984833874,549.3687887059948,559.9582938122592,654.2075918554042,,504.28719150454407,,,377.7502470898832,479.6804087539406,403.0098152530352,,,456.17324471130826,,462.865155025223,367.0278820501205,,350.0879544371088,555.4997968069455,535.3682230785287,,,,,488.1951441607056,441.36007036284894,462.60273625803563
tt_11.6h,,738.7409696100519,,,387.2207892767715,551.4873605177828,561.6390784331783,657.1451667734517,,504.1770934467306,,,375.004592003337,481.5729584933407,406.11412452659783,,,456.3979409428215,,460.8567228883793,367.20691437952803,,350.0879544371088,556.2603074815877,535.3682230785287,,,,,489.50402234627575,440.0205885802039,463.74160360141263
tt_11.7h,,739.6961862253189,,,385.3108727195466,553.4509092430421,563.4196247097623,659.8240409221361,,504.1770934467306,,,377.700979283644,483.37470380421786,402.9349612425469,,,456.6201690626303,,462.82606396755097,367.39188334961176,,350.0879544371088,557.0225276176407,537.3833265052139,,,,,490.778703025122,441.3688714650805,464.9856909768123
tt_11.8h,,740.8735680379123,,,387.22014123429904,555.6535163423966,565.2523606654489,662.498590065479,,506.0905696792619,,,377.67176857475084,485.25544039946107,406.0234101435176,,,456.8399166296948,,464.8626288246512,367.5804317065717,,350.0879544371088,557.7863400656813,539.2404768483842,,,,,492.1473249096195,442.65484658456376,466.1758464637172
tt_11.9h,,740.1232401389997,,,387.2059741158733,557.6237545251656,566.9604120215728,665.3863882883372,,507.88344785366706,,,377.67176857475084,487.07280540868004,405.96887744202263,,,457.0571714032778,,466.8845474875625,367.3943611622456,,350.0879544371088,557.7863400656813,541.3053273548171,,,,,493.46766010394424,443.93952447091533,467.31324454107397
tt_12.0h,,741.3252295996288,,,387.2059741158733,559.7799798893037,568.6658667657965,667.8630854209035,,509.7504109524527,,,380.35435660739796,486.93060838752126,405.96887744202263,,,457.2719213528188,,466.86282497772135,367.5831634597187,,350.0879544371088,558.5520103578172,543.2084162277681,,,,,493.32543033491953,445.26270882192625,468.562012206457
tt_12.1h,,742.4062246374727,,,389.16906529116955,561.838638453654,570.5314210833775,670.808676591053,,507.90631029620056,,,377.63078130912794,486.93060838752126,409.0809414276226,,,457.4841546675669,,466.86282497772135,367.76835367881233,,350.0879544371088,559.3193726345904,545.1848460421311,,,,,494.6453986127276,446.525910944952,469.7516763958634
tt_12.2h,,742.8601505567934,,,389.14210480797,561.9101860362777,572.2718839778054,673.4941325807831,,509.6789607286053,,,380.29967105606164,488.75739456968097,405.8950358419908,,,457.69385976595265,,468.84817166756204,367.7695951618777,,350.0879544371088,560.0884209974198,547.1702418506271,,,,,495.91249871738927,447.87588681066933,470.8869391925093
tt_12.3h,,742.8601505567934,,,389.14210480797,563.8970142044183,573.8840659443536,678.9976339188336,,511.5687666934357,,,380.27033025320674,490.56881043372357,408.98478710587204,,,457.84467092649106,,470.8748456867926,367.7695951618777,,350.0879544371088,560.8590986547586,549.0130477214101,,,,,497.2522373176526,449.1643480574069,472.1354847550918
tt_12.4h,,743.8373764392124,,,391.02610001091637,566.0224439041763,575.7691271988358,681.5275543231069,,513.2923376110424,,,380.27033025320674,492.3938046068404,408.9306074162205,,,458.0492549933736,,470.8634217841775,367.95153111450526,,350.0879544371088,560.8590986547586,551.0805998776757,,,,,498.5913684058803,449.19487079399505,472.2137053997084
tt_12.5h,,744.3055605431641,,,391.0002736117055,566.0224439041763,577.5613864115073,684.293135140269,,513.3309374898122,,,380.2286011413309,492.1901320020464,408.9306074162205,,,458.2512772296276,,472.84243283634135,368.130304345997,,350.0879544371088,561.6315031528567,552.9810938486493,,,,,499.8778577070634,450.46251681486774,473.44733486269644
tt_12.6h,,744.3055605431641,,,391.0002736117055,568.115105340262,579.2284800255331,687.0869393053154,,513.3309374898122,,,380.2286011413309,494.06194518116956,412.03694342207586,,,458.4507270690854,,472.84243283634135,368.1309670489201,,350.0879544371088,562.405558145404,552.8912596031772,,,,,501.14311897616113,451.76888417368997,474.62482173494146
tt_12.7h,,745.3975915889229,,,392.9165293463693,570.0724608542732,580.9420875395334,689.4984503261363,,515.0789539763566,,,382.8852271725761,495.81678203368847,411.94000428177236,,,458.6475942182929,,474.87094155663607,368.1309670489201,,350.0879544371088,563.1812229681414,554.762484563596,,,,,502.50814118839713,453.0509946491725,475.77408359558586
tt_12.8h,,745.9165050276538,,,392.9108002140368,572.2808048732131,582.8112009873068,692.3925788563315,,516.9237846474089,,,382.85455786999046,495.81678203368847,411.94000428177236,,,458.8418686642021,,476.80466090729914,368.307167315612,,350.0879544371088,563.9568108103624,556.7537202818157,,,,,503.8203838460259,453.0509946491725,477.01973857259964
tt_12.9h,,747.2884246854825,,,392.9108002140368,574.2807474355617,584.5408032900043,695.0750429474532,,516.8923960201963,,,382.85455786999046,497.6605598146863,411.8841493519675,,,459.033540681647,,476.81835884436254,368.3071343414456,,350.0879544371088,563.9568108103624,558.725146392277,,,,,505.08339091052954,454.2760803882013,478.20975992182406
tt_13.0h,,747.2884246854825,,,394.81843878489286,574.4027273079809,586.1868100940201,697.4206950387457,,518.663521897927,,,382.81082580197807,499.4249815468399,414.95118881731446,,,459.2226008406964,,478.8296841311794,368.4906309154569,,350.0879544371088,564.7357152704861,560.5578745161874,,,,,506.3833749525473,455.6220955735777,479.3485239381678
tt_13.1h,,748.5398453961348,,,394.79525611220924,576.3388386803342,587.9891025476361,700.3692400960344,,518.663521897927,,,385.4102045527024,499.2999946041562,414.95118881731446,,,459.4090400140077,,478.8296841311794,368.4906309154569,,350.0879544371088,565.5161948213848,562.5923285007233,,,,,507.728575535593,456.8970623992941,480.58563507462424
tt_13.2h,,749.1353899257754,,,396.642817350128,578.5357992125473,589.8089173545784,702.9801405317223,,520.3832338008218,,,385.4102045527024,501.0178740028109,414.8616967643893,,,459.4090400140077,,480.7250337528844,368.6772713456598,,350.0879544371088,566.2982687440187,562.5923285007233,,,,,509.02407269712586,456.934308715399,481.7938967061154
tt_13.3h,,750.559823278303,,,396.642817350128,580.5990741724057,591.5321758526368,705.2852067395794,,520.4106623767926,,,385.3757649848108,502.88504161713735,417.93055948531145,,,459.59284938445523,,480.7492786529546,368.6731699015259,,350.0879544371088,567.0819007778122,564.52715301113,,,,,510.282240504558,458.180994122982,482.95066891448465
tt_13.4h,,750.559823278303,,,396.6013934637319,582.5544279653865,593.1486890502259,708.2402915719887,,522.1907424465905,,,385.3757649848108,504.5898241261555,417.93055948531145,,,459.77402045345406,,482.73266657846665,368.85718251477925,,350.0879544371088,567.0819007778122,566.3544961284764,,,,,511.59773559850254,459.47806617357514,484.1377437050511
tt_13.5h,,751.2029592644327,,,398.47864529509013,584.7836623348641,594.9806976239352,710.7948385679307,,523.9716978928006,,,385.3283013151865,504.5898241261555,417.80257515893027,,,459.9524933946551,,484.65415142375525,368.85718251477925,,350.0879544371088,567.867067133614,568.4108205430744,,,,,512.9322870202983,460.7786538086573,485.36967809583746
tt_13.6h,,752.9279693224692,,,396.5991428412227,586.804000160227,596.7976017427607,713.05343086637,,523.9716978928006,,,387.94597174606406,506.40476818940516,420.83608300582017,,,460.1281741614631,,484.65415142375525,368.8522163555927,,350.0879544371088,568.6537731814267,568.1932065248066,,,,,514.2195127917568,462.0133021158478,486.5498030722973
tt_13.7h,,754.5022262744684,,,398.4722634660682,586.804000160227,598.5042028731184,715.9648868399286,,523.9735462734816,,,385.2799014302663,506.1710184590309,417.731636730705,,,460.30105432346465,,484.7103428527574,369.0336599110685,,350.0879544371088,569.4419939222611,570.2438347671118,,,,,515.4625315482972,463.32654699617126,487.6821695634844
tt_13.8h,,753.6056430668059,,,400.3226117235695,588.8208228153951,600.123234424003,718.5062765965139,,525.6930638866687,,,387.9078740842395,507.981910781441,420.7423258483991,,,460.41112377740194,,486.66160907320256,369.2121045977808,,350.0879544371088,570.2317145632361,572.1419993738002,,,,,516.7691269935387,464.6132027195013,488.9280172123787
tt_13.9h,,755.2387231725503,,,398.44971209527057,588.877877742637,603.764568353135,720.7475184941698,,527.3825289937123,,,390.43993594720064,509.72482550427065,420.7423258483991,,,460.57834021976186,,488.5895519535736,369.2121045977808,,350.0879544371088,570.231709804641,573.9945480724274,,,,,518.1026117156504,464.6132027195013,490.1377478827902
tt_14.0h,,756.7494290599399,,,400.3039688559162,591.0118741477883,605.491612645196,723.526251648611,,529.1869721064286,,,387.85600356745664,511.4748498132023,420.63958658529316,,,460.74273268237977,,490.5614107784568,369.20673231291454,,350.0879544371088,571.0229289048431,576.0454706449818,,,,,519.3905770930008,465.8157237977036,491.29896919040624
tt_14.1h,,756.7494290599399,,,402.1099700396773,593.1455375148405,607.1273659070014,726.0863132534845,,527.396894181112,,,390.40843191602687,513.2483802877553,423.69167475443237,,,460.9042940718227,,488.62088573010675,369.38272975344694,,350.0879544371088,571.8157143143717,577.9470781004534,,,,,520.6359962183624,465.86936910544586,492.4572843947402
tt_14.2h,,757.5447836078057,,,400.25761033608444,595.1018599720369,608.8572937154835,728.32738634021,,529.1689487216893,,,387.7898929863255,511.2798129847481,420.5794634595207,,,461.0630176283028,,490.5241820534709,369.5611651625569,,350.0879544371088,572.6100413918996,579.760366809594,,,,,521.9030619877961,467.07705380458077,493.703505974521
tt_14.3h,,759.6337708631605,,,402.08311067643564,597.2529478191011,610.7124375500838,730.8984595967503,,530.9187883861194,,,390.3790390621377,513.075560493597,423.5814217161018,,,461.22442682787545,,492.48570969586245,369.37642528895555,,350.0879544371088,573.4058861505181,581.8142893948199,,,,,523.2442662230046,468.3965731351358,494.90005413247076
tt_14.4h,,761.6122497862902,,,403.9360479473535,599.3909432955913,612.4656775909989,733.4860798840695,,532.54963518019,,,392.9274972019654,514.8030523515214,426.5843465923643,,,461.3849115203547,,494.4103915756219,369.5504290928431,,350.0879544371088,573.4058841290802,583.731223410909,,,,,524.5412540920363,469.6576240294477,496.05073441477515
tt_14.5h,,760.4372822360411,,,402.0748668870536,601.3223385339568,614.1346521223047,735.7566455698371,,532.638176762944,,,390.3309617208708,516.4992442775774,423.50938425560923,,,461.5425327173521,,492.5052881493713,369.73673649306306,,350.0879544371088,574.2032225657385,585.5402272203143,,,,,525.7968754774325,470.8587489363717,496.2042320539378
tt_14.6h,,762.451155396375,,,403.9199693690376,603.4722600033355,615.7205860738196,738.0439881732699,,532.638176762944,,,392.8882246807716,518.2883632504395,426.48125627924793,,,461.69728097436195,,494.37219034522826,369.92005367500616,,350.0879544371088,575.0020299311788,587.5688459721308,,,,,527.0138478280646,472.1737796866287,497.34819286266696
tt_14.7h,,764.3182860881975,,,405.7278127237504,605.6034405140348,617.6141139815884,740.6784398276689,,534.2734319701932,,,390.2794504714328,519.9590335813813,426.39030840080267,,,461.8491471321111,,496.3929880766167,369.7248923684935,,350.0879544371088,575.8022830540642,587.3327015278786,,,,,528.3498614265071,473.4310444318237,497.34819286266696
tt_14.8h,,765.2070409341273,,,403.8859058123166,605.6247003245173,619.422879400797,742.9924350243095,,536.0644167457233,,,392.8338380332044,519.837493198785,426.39030840080267,,,461.9981223114921,,498.2556759484067,369.9086798467254,,350.0879544371088,575.8022819091209,587.3327015278786,,,,,529.6643480868917,474.635544894947,498.55000648764405
tt_14.9h,,765.2070409341273,,,405.6823157318052,605.6247003245173,621.1339785678216,745.0358455279843,,536.0291259512835,,,395.35315538659864,519.837493198785,429.3742601986509,,,462.14419790605814,,498.31537770317016,370.089632928395,,350.0879544371088,576.6039591673822,589.3665497617824,,,,,530.9385165063447,474.68569350702177,499.78265652426785
tt_15.0h,,767.0754965016564,,,407.49748829035764,607.7161466515835,622.7687045100196,747.7547894702084,,536.0291259512835,,,392.7670063933837,521.4950950601292,429.26826929904564,,,462.2873655710925,,498.31537770317016,370.0776985779263,,350.0879544371088,577.4070399933579,591.3104384726572,,,,,532.1749744729728,475.87253121148325,500.96879985951074
tt_15.1h,,767.9353345556858,,,405.6694208780966,609.6391459344026,622.8674388774429,750.2359892082395,,537.7882034279806,,,395.3028500566348,523.2546058191741,429.26826929904564,,,462.4276172076698,,500.2464063451814,370.0776985779263,,350.0879544371088,578.2115067186273,593.1381210688728,,,,,533.4069113275335,475.87253121148325,502.11197804699145
tt_15.2h,,767.9353345556858,,,407.49111367341686,611.8077439127376,624.5216886721709,752.4596156501491,,539.4264179399146,,,395.23726938188867,524.9743240351401,432.2971625711746,,,462.5649449390563,,502.15291260791844,370.2572172699057,,350.0879544371088,579.0173444999585,595.049858514045,,,,,534.7487263877829,477.18213696815883,503.3111828236555
tt_15.3h,,770.4244617844147,,,407.46621605920615,613.9355466907571,626.0948679799887,757.9234828792543,,541.1124843191502,,,395.23726938188867,526.6015374572022,432.1667319610713,,,462.6401971704777,,502.18562733723104,370.43439450795125,,350.0879544371088,579.0173444999585,597.0521205703285,,,,,536.050505770451,478.4415244708086,504.54698720262195
tt_15.4h,,772.7299323838238,,,409.2567200106631,615.9033653883967,628.0043896820303,760.3257880885639,,541.1073782828005,,,395.20212069419597,526.496054153128,432.1667319610713,,,462.77237285170884,,504.02292346882655,370.42319443247567,,350.0879544371088,579.8245442350969,598.927030603967,,,,,537.3147833588048,479.644057250587,505.7375050411503
tt_15.5h,,773.687969729106,,,409.2567200106631,617.9352284443376,629.8159614430457,763.0040964911784,,541.1073782828005,,,395.20212069419597,528.1471562847806,432.11466064447245,,,462.90294593151685,,504.02292346882655,370.42319443247567,,350.0879544371088,580.6331005184618,600.7089563705591,,,,,538.543976321009,480.90567351855884,506.8861545950766
tt_15.6h,,773.687969729106,,,409.2191087906808,617.9629065221125,631.5323759069496,765.9421642219631,,542.8469066079178,,,397.7281462042836,528.1471562847806,432.11466064447245,,,463.03190189151184,,506.0279096012415,370.5989842054186,,350.0879544371088,581.443015132288,602.7302658995513,,,,,539.7741282440825,482.1809227649116,508.05686034870996
tt_15.7h,,775.8597749546395,,,411.0213390926369,620.079771519159,633.1779998981767,768.56679660268,,544.5543175491106,,,397.6851167160723,529.9133071080671,435.00853125361476,,,463.1592268805203,,507.85530546837623,370.58754893418734,,350.0879544371088,582.2542998239893,602.496217681685,,,,,541.112494098581,482.15852122432864,509.3033594730581
tt_15.8h,,776.8806851908007,,,411.0213390926369,622.2342457706757,634.7540741174798,770.963450305125,,544.5619795575186,,,397.6851167160723,531.5817404929547,434.9430669524387,,,463.2849077098848,,507.93241724051614,370.7619638821998,,350.0879544371088,582.2542998239893,604.4997045110091,,,,,542.4219647982485,483.4237388012555,510.50558770463425
tt_15.9h,,778.9531328988178,,,411.0027880830634,624.2136746997692,636.6462343407876,774.2183475713778,,546.2525977666448,,,397.6515284657321,531.4458286192813,434.9430669524387,,,463.4089318480615,,509.8463517396085,370.7619638821998,,350.0879544371088,583.0669739754992,606.4528479673179,,,,,542.2154010923488,484.63339995940163,511.6668413530056
tt_16.0h,,778.9531328988178,,,412.792297940732,626.1283556457614,638.4652291100501,777.1134991130964,,546.2525977666448,,,400.09765291183544,533.1042128403238,434.8643468256998,,,463.53128741445465,,509.8463517396085,370.9450321579366,,350.0879544371088,583.8834979457716,608.3051132341983,,,,,543.5359912187625,485.835698483174,512.7902172655813
tt_16.1h,,780.0275349245114,,,412.792297940732,628.3790990866034,640.1905251487962,779.7237058037734,,547.8240707182416,,,400.09765291183544,534.7670194407026,437.7840866474707,,,463.6519631724403,,511.76434208753074,370.92812761456736,,350.0879544371088,584.6991000122101,610.0602551091636,,,,,544.8206590702717,487.1253411911915,514.0451958075839
tt_16.2h,,782.4888230483456,,,412.7393039747606,628.3790990866034,641.8518020058373,782.6198570537473,,547.9415040829117,,,400.0657869423356,536.5089080289667,437.7840866474707,,,463.7709485215103,,511.785841448966,371.1140622834536,,350.0879544371088,585.5167819072905,612.1056788018335,,,,,546.0716772056966,488.3590688021203,515.2670557011274
tt_16.3h,,785.1653167612437,,,414.51438082880003,630.4481532188668,643.4463195293662,785.8533945639717,,549.4983002314966,,,400.0657869423356,536.5089080289667,437.70333564320663,,,463.88823348846057,,513.6061473447805,371.1140622834536,,350.0879544371088,585.5167819072905,614.0440558067128,,,,,547.2912113016484,488.3590688021203,516.448338080282
tt_16.4h,,785.1653167612437,,,414.51438082880003,632.3648943152216,645.2184131236045,788.7574907424801,,551.2896665555327,,,400.01814989905967,538.1465007119583,440.6203153495791,,,464.00380871752594,,515.5983566735946,371.0967685838729,,350.0879544371088,586.3356810071537,615.8807919899831,,,,,548.529077340785,489.541980373401,517.5920569153678
tt_16.5h,,786.190310445928,,,414.49880693914025,632.5522717236728,647.0658215228175,791.3915635187233,,551.2896665555327,,,402.5242328124139,538.0082055427857,440.6203153495791,,,464.00380871752594,,515.5983566735946,371.2812375264595,,350.0879544371088,587.1569031530837,615.8807919899831,,,,,549.8623045203569,489.57885668985483,517.7602416148185
tt_16.6h,,788.725745475684,,,416.25047472705745,634.4456251229232,648.8311446203529,794.6178991315944,,551.2358580085896,,,399.95416582522193,539.6445898411048,440.53500502537537,,,464.11766545932824,,515.5626262215042,371.4633794381097,,350.0879544371088,587.9804371304548,617.6312309114868,,,,,551.1611411904719,490.7594882077508,518.9052014834214
tt_16.7h,,788.725745475684,,,416.25047472705745,636.5690251388025,650.5243083797582,797.8963594369059,,552.9836596006318,,,402.4783952502363,541.2920841387001,443.4146896500618,,,464.2361361232505,,517.5153194242074,371.4633794381097,,350.0879544371088,588.8076484909411,619.6604801856579,,,,,552.4272354865154,492.007952120047,520.068623248855
tt_16.8h,,789.8062372849068,,,416.19752592780554,638.7187923565815,652.1505499016972,800.8530120761493,,554.622256963192,,,402.4783952502363,543.0216842713542,440.41913703163635,,,464.35399538664944,,519.3236141399597,371.44653678720965,,350.0879544371088,588.8076484909411,619.4068170540423,,,,,553.6624684225837,493.27542415340963,521.32088019604
tt_16.9h,,792.2156045581519,,,417.99590706251973,640.7201366596242,653.7169541999164,803.543339751427,,556.1858356452412,,,402.41563819728424,544.6630543641089,443.32002895596406,,,464.4117920916569,,521.3241486110126,371.6272528973723,,350.0879544371088,589.6391886608226,621.3942871341746,,,,,554.8687991540138,494.4923173391906,522.5327989707741
tt_17.0h,,794.467587562078,,,416.2004722729306,642.5882039335435,655.576766616925,806.9161867160616,,554.6689943335751,,,404.8603088483314,544.6630543641089,446.2264228412795,,,464.5261163699508,,519.3847658819493,371.8057140890603,,350.0879544371088,590.4696588107591,623.3594079852434,,,,,556.1396967756156,495.66246318396253,523.7073032553685
tt_17.1h,,793.3588622482965,,,417.98096947385795,644.7801438564024,657.3988656359537,810.2955538329106,,556.3054337257388,,,402.3893604317043,544.5153003431594,443.2030483216712,,,464.63867644779407,,521.3035363416935,371.60993814102875,,350.0879544371088,591.3023989818687,625.219022358832,,,,,557.4602963944129,496.93189690155606,524.84690783819
tt_17.2h,,795.6610918992535,,,419.70916552036687,646.915907851073,659.1407932349362,813.3527143379007,,557.8313005881132,,,404.7970692064389,546.1420218004818,446.1207410809667,,,464.74946384616203,,523.2059599324896,371.7892374047123,,350.0879544371088,592.1380706980137,626.9825611982709,,,,,558.7488480485107,498.1925269804314,526.0248563019453
tt_17.3h,,798.3212080737537,,,417.94491537073486,648.8870607408484,660.818985456232,816.142643429147,,559.5921043172417,,,407.25953491180235,547.7324132289702,443.15509990937625,,,464.85847053673496,,525.0632985754405,371.9663096286387,,350.0879544371088,592.1380706796629,628.8666393515686,,,,,560.0073104312091,499.4048629035831,527.2743626932868
tt_17.4h,,799.3085767442382,,,419.6634199222383,646.8778897590649,662.4344116143476,819.453693085737,,559.534271246896,,,404.77928681596245,549.465823296836,446.0327803444948,,,464.96602760844326,,523.2334075736878,372.14095474608854,,350.0879544371088,592.9753533986966,630.8602964331163,,,,,561.2375500877781,498.15176159332344,528.4854137226159
tt_17.5h,,799.3085767442382,,,421.4529922100498,648.9904514538758,663.9941473843368,823.000023383375,,559.534271246896,,,407.2194625531461,551.1329409539348,448.8886037412325,,,465.07224546313785,,525.082446084664,371.94906455944283,,350.0879544371088,593.8148970241656,632.7469013449453,,,,,562.441343156867,499.41399544158327,529.6607641179783
tt_17.6h,,802.3265069639705,,,421.4345929554821,650.9677146293617,665.8167234347644,826.2135407112823,,561.2838444711227,,,404.7451238659606,550.9516807112457,445.97701847690695,,,465.17711578920415,,527.0232522084677,372.1238630271664,,350.0879544371088,594.6599559604131,634.5449668492718,,,,,563.6817765771685,500.62831640324777,530.8030054016358
tt_17.7h,,805.1016129352686,,,421.4345929554821,652.8051946978068,667.6324214716259,829.1431867656689,,562.9303410123113,,,407.20068508250114,550.9516807112457,448.83434328805026,,,465.2806315926856,,528.9041929286004,372.29900987853574,,350.0879544371088,595.5040510734689,636.2671092905567,,,,,565.0033120875368,501.79832634264136,531.9550785111411
tt_17.8h,,803.407923357226,,,423.1138896530671,655.0095930996816,669.3720344770899,832.1027945862533,,562.9568563535571,,,407.16484222818815,552.5946785468129,448.76635992349975,,,465.38278720447977,,528.9389819401537,372.27689033131935,,350.0879544371088,595.5040510734689,636.3179609008166,,,,,566.2950779854702,503.0596970100631,533.2119431158151
tt_17.9h,,806.258077564059,,,423.089888169866,657.1313845640467,671.05346870316,835.9026889645583,,562.9568563535571,,,407.16484222818815,554.1764438608005,448.76635992349975,,,465.48357828882286,,528.9389819401537,372.27689033131935,,350.0879544371088,596.351095318208,638.0607342533219,,,,,567.5588705599287,504.3261371220636,534.4319224792002
tt_18.0h,,808.901522342062,,,423.089888169866,659.1155347013204,672.6732373727297,839.3352420067332,,564.6033577831286,,,409.55168298220855,555.8396732516343,451.62137166782367,,,465.58300185320695,,530.760449737587,372.4564029471173,,350.0879544371088,597.1997541737736,639.9555231640878,,,,,568.796402992609,505.5462163007829,535.6176168452927
tt_18.1h,,810.1007528677679,,,424.8506427051005,660.9720291206459,674.2458474418476,842.4692745852062,,566.1395432246314,,,409.5096323248313,557.5402461439888,451.53733892745316,,,465.68105625987556,,532.6984777846218,372.63743358802697,,350.0879544371088,598.0507141912072,639.9555231640878,,,,,570.0093071385035,506.7233838151719,536.7714746884683
tt_18.2h,,810.1007528677679,,,424.822512584087,661.1828770593194,675.8605411539647,845.3655387039721,,567.7980786685499,,,409.5096323248313,557.2976737990092,451.53733892745316,,,465.77774123908523,,532.6126489364148,372.608824737685,,350.0879544371088,598.9056098879046,641.9318976443772,,,,,571.1991356437242,506.7743814545777,537.8957981663108
tt_18.3h,,812.6254409863574,,,424.822512584087,663.0364600551359,677.707629458432,848.8461519794797,,567.7923511665525,,,409.4622448716381,558.9875533796414,454.3785575124654,,,465.87305790434374,,534.6324289478616,372.608824737685,,350.0879544371088,598.9056098879046,643.8113288485752,,,,,572.4815384053061,507.9563358853086,539.1260652776582
tt_18.4h,,813.8935176894973,,,426.51778351801096,665.1030663168411,679.4776079298307,856.0009589772227,,567.7923511665525,,,409.4622448716381,558.9875533796414,454.2609390265731,,,465.9049933919521,,534.6324289478616,372.7870930122762,,350.0879544371088,599.7637044430095,645.6047398430078,,,,,573.7896639743899,509.169937802985,540.3651037283527
tt_18.5h,,816.3273070801988,,,426.5246802805799,667.274736612037,682.8464974058102,859.1431475199417,,569.4713989605553,,,411.87855159385236,560.6114339910711,454.2609390265731,,,466.0040627951497,,536.4485252893197,372.75625596855383,,350.0879544371088,600.6225737244661,647.3294124137088,,,,,575.0713402665434,510.4548760175131,541.5706760343048
tt_18.6h,,816.3273070801988,,,426.5246802805799,669.2882631242073,684.440484525607,862.0637626680283,,571.1464640249668,,,411.82892047874344,562.1381499458796,454.18407622877555,,,466.1028889671041,,536.523536611093,372.93179314737426,,350.0879544371088,601.4831950861872,649.2415246203103,,,,,576.3274964976812,510.4548760175131,541.6708497718828
tt_18.7h,,819.2567219408692,,,426.5125324637059,669.2882631242073,685.9935406835052,865.734334295362,,571.1287498392174,,,411.82892047874344,563.8520231804353,456.99454201859277,,,466.2003587291653,,538.2791855234892,372.93179314737426,,350.0879544371088,602.3466551362072,651.1949976369374,,,,,577.5595877277323,511.693975340938,542.8858459914543
tt_18.8h,,820.2977267328567,,,428.1988590027932,671.1852106176689,687.5268123485018,869.544437079634,,572.807334002538,,,411.81363356489715,563.6176831188287,456.99454201859277,,,466.2964788629014,,540.2769594213022,373.10456169076764,,350.0879544371088,602.3466551362072,650.8753687030279,,,,,578.7690541894822,512.8905864490965,544.0696119240721
tt_18.9h,,820.2977267328567,,,428.1988590027932,673.0272377018485,689.3492120751555,873.0318250982267,,572.807334002538,,,411.81363356489715,565.2699430392522,456.95570141133106,,,466.3912578008385,,540.2769594213022,373.0715070260121,,350.0879544371088,603.2140102131799,652.8762454183466,,,,,579.9572646030366,514.0478635621226,545.2243442493483
tt_19.0h,,823.505153772897,,,428.1695536276553,675.2517485091342,691.111247271267,876.2513722225232,,574.4088350935083,,,411.780053984876,566.9620522831672,456.95570141133106,,,466.48470567999715,,542.140135750208,373.24161829791336,,350.0879544371088,604.0870151362326,654.7763079735262,,,,,581.1923367383691,514.1242067319885,546.3517810624252
tt_19.1h,,824.6082594897688,,,429.9061066330705,675.0420329011192,692.8051768742049,879.2588106527556,,574.4652615055202,,,414.15297428050644,568.5578740777324,456.8831247191519,,,466.57683440750753,,542.1906810850269,373.24161829791336,,350.0879544371088,604.9641564051559,656.5969955082745,,,,,582.4998549894309,515.2877265499698,547.5609795889501
tt_19.2h,,827.6741066999793,,,429.9061066330705,677.2684005173614,694.4462031212843,882.7704522865716,,576.0508721192584,,,414.15297428050644,568.5578740777324,459.7190852582273,,,466.6676577446961,,543.998557700534,373.20635064783363,,350.0879544371088,605.840545596902,658.3533380613675,,,,,583.7825376924898,516.5519719798577,548.8071333713553
tt_19.3h,,827.6741066999793,,,429.88595428479096,679.3653724322738,696.0402767195457,886.745335298359,,577.5663095415061,,,414.1097228579752,568.3899705539825,459.7190852582273,,,466.75672492871206,,545.9206443731463,373.3738265397685,,350.0879544371088,605.840545596902,660.0371572242843,,,,,585.041803270909,517.821537119131,550.0217526659026
tt_19.4h,,828.8467158037647,,,431.5335754946165,681.3317308651991,697.5874319386567,890.3914048453078,,577.5663095415061,,,416.464385762934,570.0125897836316,459.61363431850464,,,466.8440100973476,,545.9206443731463,373.53867157496364,,350.0879544371088,606.7209329886549,661.9962006152251,,,,,586.2790039001321,519.0488764413984,551.2069885029924
tt_19.5h,,831.7834399372204,,,431.5335754946165,683.1878229222998,699.091026628398,893.7703339113639,,577.7002261224496,,,414.0498387097891,571.5548711684066,462.4307624492754,,,466.9295294302023,,545.822110641363,373.33636922783927,,350.0879544371088,607.6056678655855,663.9297360750469,,,,,587.495427368524,520.2370524055108,552.3648685515077
tt_19.6h,,834.5337667926502,,,431.5426864112833,685.052098940169,700.6658843467553,896.9267514438636,,579.2141301944998,,,416.40836102088684,573.1440981366925,459.5315622025088,,,467.01329972386225,,547.8322166700667,373.50122798006913,,350.0879544371088,608.4919723593263,665.7713738717697,,,,,588.6922990769186,521.3889469670048,553.4973020646594
tt_19.7h,,833.0141248719626,,,433.2295856407525,687.241881628267,702.4268490143278,899.897912759486,,580.8787768181212,,,416.40836102088684,574.82590802548,462.3268613948592,,,467.01329972386225,,549.6825679778822,373.66349591728084,,350.0879544371088,609.3823686511217,667.5552213961233,,,,,589.8707841415111,521.3889469670048,554.660780888818
tt_19.8h,,835.8397287509239,,,434.8665947329554,689.2918284471845,704.1265520868378,904.0349738861046,,582.553837030045,,,416.38379614485444,576.4386927957894,465.0981523114303,,,467.0953383866895,,551.5075553716999,373.8232192456487,,350.0879544371088,609.3823686508453,667.5552213961233,,,,,591.0905826196931,521.4756094122637,555.9163825436577
tt_19.9h,,838.4971669187048,,,433.1898309973903,689.2918284471845,705.7711162095172,907.9575405858795,,580.8537792435292,,,418.753299961126,574.5356351812693,462.2927151815483,,,467.11454017992463,,549.7422254559019,373.62378045026634,,350.0879544371088,610.2754085328052,667.4576732709536,,,,,591.0466946884867,522.6362214506802,557.1421191909634
tt_20.0h,,841.0168686651856,,,434.87852659077265,689.2286421043885,707.3697003969177,911.5879041466566,,582.5212379212495,,,416.36449052270757,576.2404312017976,465.06802523383305,,,467.19313642738155,,551.541958276785,373.7828613892103,,350.0879544371088,611.1745084706323,669.2767396564856,,,,,592.2312166981221,523.900316987304,558.3399863299774
tt_20.1h,,839.8606074901746,,,436.555986401074,691.3021923209247,708.9189288619232,914.9741037197733,,584.1928859864648,,,418.74257275700194,577.8690785226928,467.8598605917059,,,467.2755576455912,,553.4613260777861,373.9383249113127,,350.0879544371088,612.0751312441557,671.0228476816206,,,,,593.398712700817,525.1721589459813,559.511867462201
tt_20.2h,,842.4323065837928,,,434.86577125270014,693.2457103880578,710.4285166982837,918.1651775918297,,585.7923588272079,,,418.7118598601182,579.4327731986655,465.00158484485934,,,467.35816622234745,,555.3582109904762,373.8933325361419,,350.0879544371088,612.9784801819848,672.7165946117017,,,,,594.6804959522916,526.404255169641,560.6595385377226
tt_20.3h,,845.4265418786558,,,436.50424273921186,695.0975685672654,711.899162563566,921.1896625243245,,585.8301107088918,,,418.7118598601182,580.9339122770394,467.7956562445357,,,467.43907475289507,,553.3916289638516,373.8933325361419,,350.0879544371088,612.9784801819848,674.4746059754435,,,,,595.9646030677079,527.5991284075665,561.7846725171053
tt_20.4h,,843.8416390782852,,,436.50061684278774,696.8450188865012,713.334593895797,925.4662830872669,,585.8301107088918,,,421.0157264525876,582.6076084803631,467.69180728331384,,,467.5183028506154,,555.366988931761,374.04407022030546,,350.0879544371088,613.8858978250304,676.4182312090379,,,,,597.2281497951302,528.7600904525775,562.9821636208043
tt_20.5h,,846.4664089119076,,,436.50061684278774,698.9769286132698,714.9462418190718,929.4851222862904,,587.428199120414,,,418.66025207776295,582.3899620452778,467.69180728331384,,,467.59587079483185,,557.234718856277,374.1965359816337,,350.0879544371088,614.8001905392008,678.2858903095776,,,,,598.47192782321,530.0150650425238,564.2311021157798
tt_20.6h,,849.8976755388622,,,438.2088317018591,701.0417934011167,716.6204996134406,933.2180372856209,,588.9480346236801,,,420.96759738735943,582.3899620452778,470.4653366779897,,,467.67179953133353,,558.969177769297,374.1403735638218,,350.0879544371088,615.7181969191817,680.0812112422598,,,,,600.904459941671,531.2906612911836,564.2567281229665
tt_20.7h,,851.0105567866037,,,438.1685739536965,702.996382303261,718.2434113141788,936.722131491492,,589.0622655860498,,,420.9274621127803,583.9867858691157,467.6234492202575,,,467.74611067406937,,559.1047483586852,374.1403735638218,,350.0879544371088,616.63762405092,681.8061215030958,,,,,602.0952250087579,531.2152024562557,565.516361097211
tt_20.8h,,851.0105567866037,,,438.1685739536965,703.0011417832083,719.8124306523109,940.0289129278455,,590.6030954515553,,,420.9274621127803,585.6614356626827,470.3953934594283,,,467.81882650848667,,559.1047483586852,374.2885426338701,,350.0879544371088,616.63762405092,683.4837975720792,,,,,603.2702468727302,532.504242464071,566.754429443033
tt_20.9h,,854.3221542519667,,,439.81317704709534,704.9772061003549,721.346946346894,943.1754504182957,,590.6030954515553,,,423.25902076149913,587.2664184771043,470.35464228604064,,,467.88996999724606,,560.9238982009842,374.22713526658026,,350.0879544371088,617.56268196505,683.4916965616557,,,,,604.4304089270397,532.504242464071,567.9664029842711
tt_21.0h,,855.4740981759038,,,439.8084345329971,706.8386740169739,722.8347388953919,946.9753214203803,,592.1098424401011,,,420.9298579491833,587.0529491877164,470.35464228604064,,,467.95956478953656,,562.8911443839072,374.37012636909884,,350.0879544371088,618.4876162419819,685.2070610623399,,,,,605.6505633835525,533.7545435459785,569.1539838097286
tt_21.1h,,858.6792059559994,,,439.8084345329971,706.8386740169739,724.2834781151998,951.2311493428218,,593.8180600278451,,,423.2546568951031,588.6831452530229,473.12342624859855,,,468.0276352361156,,562.8484839308754,374.37012636909884,,350.0879544371088,619.4151407894728,686.8703576304988,,,,,606.925174685606,534.9688031250812,570.3187791746657
tt_21.2h,,858.6792059559994,,,441.45487348481,708.6158673427802,725.7000519298023,955.2061933891815,,593.7113066320536,,,423.2385324870649,590.2482579794131,473.0327252443998,,,468.094180912839,,564.7667093117642,374.51576710437143,,350.0879544371088,620.3461031496083,688.4906247664107,,,,,608.1813886271631,536.1495638649012,571.4623055692301
tt_21.3h,,861.6937513283306,,,441.4403030211461,710.3466723652843,727.0807843706625,958.9393166381219,,593.7113066320536,,,423.2385324870649,590.2482579794131,473.0327252443998,,,468.1589985271329,,564.7667093117642,374.4411489106219,,350.0879544371088,620.3461031496083,690.4120602764311,,,,,609.4201551688174,537.2992187381683,572.5859928077633
tt_21.4h,,863.0134465793674,,,441.4403030211461,712.4617146019924,728.4372653491841,962.4643621870122,,595.4472897060006,,,423.1919505341093,591.7604989217843,475.79021061045114,,,468.22211390626,,566.5547162060425,374.58178381314997,,350.0879544371088,621.279788429032,690.4120602764311,,,,,610.6423786438232,538.5874073719085,573.7748321239756
tt_21.5h,,863.0134465793674,,,443.0930847027474,714.4563335704256,730.0408499001966,969.0370217895664,,597.0782586560995,,,425.48565974935235,593.3172295934186,475.6899047615039,,,468.23415585404507,,566.6533044546937,374.58178381314997,,350.0879544371088,622.2166321757746,692.2597766864296,,,,,611.8489191926938,538.5596829066332,575.0232876674751
tt_21.6h,,865.9426941485569,,,443.05263436726653,716.3529018618588,731.6104195571937,972.8788153237255,,597.046429168265,,,425.48565974935235,593.2127649502925,475.6899047615039,,,468.30056058106436,,568.4134169741292,374.50145263649335,,350.0879544371088,623.156473721322,694.0430625813283,,,,,613.0405942113196,539.7803043965872,576.2473649300808
tt_21.7h,,867.306575057984,,,443.05263436726653,716.3400846827533,733.1318227807856,977.2600309388109,,598.6945475487511,,,425.453845466659,594.6929017207004,475.65774112522996,,,468.3652421047302,,570.3482147007201,374.63707018328637,,350.0879544371088,624.0992070869362,695.7649459058292,,,,,614.2181797987807,541.063852889861,577.4486131491577
tt_21.8h,,870.1658141582619,,,444.72208308335,718.254036560059,734.602742260508,981.3724042565713,,598.6945475487511,,,425.453845466659,596.3611980016411,478.4210125040765,,,468.4282261420147,,570.3482147007201,374.7692026243453,,350.0879544371088,624.0992070869362,697.4331065900378,,,,,615.3824121912706,542.3118317781262,578.6284976594568
tt_21.9h,,870.1658141582619,,,444.71852423521426,720.0783235257535,736.0450637674951,985.248654131392,,600.2779645919763,,,425.44997431196845,597.9895414044986,478.4210125040765,,,468.4895386404893,,572.2595129760758,374.7692026243453,,350.0879544371088,625.0492734095911,699.0580693692441,,,,,616.5339891688074,543.5266765152642,579.7884034250399
tt_22.0h,,871.5876369039145,,,446.33278969990096,721.8076178547901,737.4475341537977,988.9270971946618,,600.3111653424806,,,427.74099438581584,597.9895414044986,478.34876468857357,,,468.5492057588617,,572.2592403656505,374.6814392068597,,350.0879544371088,626.0018345556471,699.0898804209976,,,,,617.6735714084124,543.5266765152642,579.7884034250399
tt_22.1h,,874.3763216900284,,,444.68654252233284,723.4668610981274,738.830015632261,992.4426899474901,,601.896760609352,,,427.74099438581584,599.5661246610293,481.08372255487154,,,468.60725384743665,,574.1397771082,374.8085648293467,,350.0879544371088,626.9538779097463,700.7446229564674,,,,,618.8952110533372,544.710684043851,580.929638573493
tt_22.2h,,877.0503347377579,,,446.3334191343404,725.4129704488062,740.1673374110719,995.8218706153104,,603.4330849253251,,,427.7161232316236,599.3569410270053,478.2321037413061,,,468.6637094285123,,575.889138950002,374.8085648293467,,350.0879544371088,626.9538779097463,702.3591761092972,,,,,620.1421106986498,545.866017609777,582.0534379036802
tt_22.3h,,877.0503347377579,,,447.9778239247268,727.3766581949558,741.4725620435389,999.0857148515748,,603.4330849253251,,,430.0129016001192,600.9600546706147,480.97517898847707,,,468.7185991767551,,575.889138950002,374.7146840965166,,350.0879544371088,627.9087398205874,703.9240268910188,,,,,621.3737698893764,545.9599778489204,583.2140086247964
tt_22.4h,,878.5951117959803,,,446.33753049747736,727.3766581949558,742.7473165927603,1003.3408961649817,,603.5229075939009,,,427.66732035295007,602.5177032863228,480.97517898847707,,,468.771949899588,,576.0202639399076,374.83676637983854,,350.0879544371088,628.8671074891532,705.6873919205935,,,,,622.5909196874491,547.1303692164925,584.4636937806349
tt_22.5h,,881.4165845915181,,,447.93060030679237,727.148453668003,744.0377891021301,1007.7813657931703,,605.0698974123306,,,429.96287277481485,604.0170006024787,480.9618616884062,,,468.8237885176159,,577.7325966072705,374.95446687154765,,350.0879544371088,629.8306041994997,707.4808006608205,,,,,623.7942549683618,548.2838771727804,585.6914220124643
tt_22.6h,,885.0288619300047,,,449.59666748823315,729.157068920735,745.5805012570837,1011.9800629914043,,606.5582598907152,,,427.6414407898422,605.4830393424706,483.70760921995804,,,468.8744840316019,,579.7270364192118,374.95446687154765,,350.0879544371088,630.7983508488862,709.2219034988899,,,,,624.9844355321305,549.5819148872076,586.8985552675468
tt_22.7h,,882.8012145892947,,,447.92097516385,731.0371310094358,745.5415470506281,1015.961840178606,,608.1082126005808,,,429.94059653134633,603.9213489348201,480.90722016382745,,,468.92930329003565,,581.6131475418076,374.8501905927391,,350.0879544371088,630.7983508488862,710.907927597469,,,,,626.1620871957082,550.8459881130266,586.9635476404824
tt_22.8h,,886.1270499246211,,,449.5854795439329,732.8404108407325,746.8171620992857,1019.7677697177936,,606.6908018644231,,,432.20167690042786,605.4543497375086,483.63862373707536,,,468.98258671284805,,579.6073890542539,374.96009828218047,,350.0879544371088,631.7695997851139,712.5497237337748,,,,,627.3278028597451,552.0783507355736,588.1902224105023
tt_22.9h,,889.6397472811649,,,451.16043959148743,734.5427622089367,748.3641383624538,1023.4251398069712,,608.1933517279872,,,429.93347489022796,606.9355309918209,486.3348833714893,,,469.0343611544276,,581.6108988136207,375.0653390277517,,350.0879544371088,632.7402325555128,714.139182530052,,,,,628.482143543326,553.2811310858236,589.3965538324866
tt_23.0h,,887.0982889246641,,,449.54381179102677,736.1856358393923,749.9343233847159,1026.952419978765,,609.6657477888178,,,432.19153849549735,608.4738653600198,483.5126023514383,,,468.9791927952095,,583.488798673936,374.848468360292,,350.0879544371088,633.7146214802859,714.0839565281088,,,,,629.6256393809241,554.456336382403,590.5837874154067
tt_23.1h,,890.7588546688015,,,451.1824517882166,737.7512267076658,752.99372419482,1030.3723221340765,,611.357394309903,,,429.9124185846544,610.1249864562503,486.2449359572535,,,469.02946412860854,,585.2266522805373,374.9484287574882,,350.0879544371088,634.6916601377889,714.0839565281088,,,,,630.7474530968526,554.5188769489133,591.7531018704916
tt_23.2h,,894.2021327050085,,,452.82361723716633,739.6224869675731,754.4947300199906,1033.7041582190225,,611.2782581122091,,,432.16369460981736,611.7273321735653,488.9975483669411,,,469.0782791523629,,583.5161659201699,375.045801009783,,350.0879544371088,634.6916601377881,715.7154713392155,,,,,631.8708268416223,554.5188769489133,592.9056120846794
tt_23.3h,,895.3967898518,,,451.17546888943014,741.4808476006218,755.9747746214102,1038.455408420105,,611.2782581122091,,,434.329643696205,611.4416584579644,486.23189576750076,,,469.1256606348337,,585.3518809545177,375.1385551212093,,350.0879544371088,635.6724571532392,717.3005067946349,,,,,632.9847604945763,555.7111783772546,594.0423720499431
tt_23.4h,,895.3967898518,,,452.76879441770393,741.231095532562,757.4424705362492,1042.9590465448107,,612.9182935712485,,,432.10340827946095,611.4416584579644,488.96624620296734,,,469.17163573163657,,587.0762760077727,374.9234112760899,,350.0879544371088,636.6558494212237,718.8408072836041,,,,,634.165654053447,556.8771806269988,595.1643777334571
tt_23.5h,,898.7661337382523,,,454.4112587135808,743.1226139878603,758.8967870093655,1047.2504296054478,,614.5713635355638,,,434.35732784173894,613.0813352519403,488.88852349171106,,,469.2162316097509,,589.0417875399742,375.0084071971468,,350.0879544371088,637.6421654402119,720.3444708402193,,,,,635.3757503374017,558.0186857336681,596.2854044236234
tt_23.6h,,901.9631953778605,,,452.7962865211556,743.1226139878603,760.340918677537,1051.3587655037102,,614.479156651532,,,434.36178184202606,614.6672607070129,488.88852349171106,,,469.2594754284036,,588.9294718047572,375.09316631585034,,350.0879544371088,638.6313880142206,721.8113914152816,,,,,636.5732358267534,559.3000352085411,597.5317098262426
tt_23.7h,,903.3242107686341,,,454.38108648982035,744.925805425658,761.7772030071161,1055.307935395219,,616.1456278015519,,,434.36178184202606,616.1948772359488,491.5582510935627,,,469.3013943201806,,588.9294718047572,374.96242121802936,,350.0879544371088,638.6313880142206,723.5364587907674,,,,,637.7586001546492,560.5663082344943,598.758835478452
tt_23.8h,,903.3242107686341,,,454.32761043202675,746.6833464297997,763.4563787504438,1059.1217591522511,,616.1456278015519,,,434.3417220726954,617.6849456625597,491.48228123260157,,,469.3422273021221,,590.9413545890567,374.96242121802936,,350.0879544371088,639.6235283380694,725.2091072647505,,,,,638.9323020466057,561.8036186371182,599.9679074678878
tt_23.9h,,906.4674589636371,,,454.32761043202675,748.3935476533617,765.1833418138042,1062.8230043901274,,617.7532838373216,,,434.3417220726954,617.5792377910094,491.48228123260157,,,469.38675546190996,,592.8345205496346,375.03360639369254,,350.0879544371088,640.6186018750828,726.8341968734666,,,,,638.6142496027172,563.0138597578913,601.159993746473
tt_24.0h,,907.8671609923749,,,456.0092546817898,750.0374152001647,766.8847275212261,1066.4282861157585,,619.2959477775988,,,436.45191634956893,619.1073012061938,491.4559445841948,,,469.42993327187844,,592.8360509757268,375.1012584984287,,350.0879544371088,641.6166205174949,728.4148494519343,,,,,639.8124330953174,563.0101548444077,602.3361065983394
tt_24.1h,,907.8671609923749,,,455.9817788373417,751.6647485236554,768.5596454999396,1069.9482576200658,,619.3298428675015,,,436.49253861953633,619.1073012061938,491.4559445841948,,,469.4717877844601,,594.7143308829986,374.9645166714281,,350.0879544371088,642.6176026944431,728.1425396908775,,,,,640.9987561442538,564.2407635405857,603.4972050697445
tt_24.2h,,910.9632943633803,,,457.5902794824263,753.7394272743616,770.2163696719106,1073.4013913335996,,619.3298428675015,,,436.49253861953633,620.585352373367,494.1637975092913,,,469.51234600703117,,594.7143308829986,374.9645166714281,,350.0879544371088,642.6176026944431,729.7696285389894,,,,,642.1741354554356,565.4453437502984,604.6441973517224
tt_24.3h,,912.4200612609345,,,457.5902794824263,753.612374963595,771.8543330858314,1078.2402586182236,,620.8939111291447,,,436.5095549840554,622.0346566835453,494.0607828168082,,,469.55163488350064,,596.4731710077928,375.02371054916534,,350.0879544371088,643.6215603570431,731.3435148786916,,,,,643.3390205647091,566.6256088338025,605.7779431108623
tt_24.4h,,915.4844820444264,,,457.5962769737824,755.5222635474689,773.4762301810094,1082.893569374773,,622.4103913543703,,,438.50743448488646,622.0114368863856,494.0607828168082,,,469.58968127620216,,596.5933532729733,374.8772270889121,,350.0879544371088,644.6285153881691,732.8831085726064,,,,,644.4938384721939,566.6256088338025,606.899255771701
tt_24.5h,,915.4844820444264,,,459.1272271037899,757.5893687312393,775.0829618117268,1091.6678046509608,,622.4876803416956,,,438.50743448488646,623.482869507685,494.01797288472807,,,469.5722343946344,,598.3536966041191,374.92849744599806,,350.0879544371088,645.6418292353253,734.3742550606745,,,,,645.6529523029517,567.7831749925699,608.0089047724807
tt_24.6h,,918.4248953962111,,,459.1272271037899,759.5770456103271,776.6761688958521,1095.8296502531323,,624.0215843995135,,,438.5819312269608,624.9240684683771,496.72318964201656,,,469.60786026927514,,600.1942416705523,374.92849744599806,,350.0879544371088,646.6548841445367,735.8286677798436,,,,,646.7887605653804,568.922871975371,609.1852084101353
tt_24.7h,,920.0014282388325,,,459.1565162224815,761.489280327429,778.2578153774629,1099.8702883570106,,624.0215843995135,,,438.5819312269608,626.5483667686574,496.72318964201656,,,469.64232396965355,,600.1942416705523,374.9754211339788,,350.0879544371088,646.6548841445367,735.8286677798436,,,,,647.9156638714082,570.212615928461,610.4124942937837
tt_24.8h,,922.9217347565378,,,460.7755515513181,763.3468671749953,779.827399765823,1103.805678933476,,625.5073138184515,,,438.6391329087578,626.5483667686574,496.6721061262401,,,469.675651854919,,600.2038976006683,374.81423329078865,,350.0879544371088,647.6709858885514,737.2515733277007,,,,,649.0340064337178,570.1975297850897,610.5137215817662
tt_24.9h,,922.9217347565378,,,460.7755515513181,763.3468671749953,781.3872093323233,1107.6510080219564,,625.6135904242757,,,440.48583808633515,628.1560818751246,499.36739560108066,,,469.71158234978486,,602.0835935540518,374.85295116659665,,350.0879544371088,648.6901578083769,738.6373524352023,,,,,650.1441136540427,571.3575268998063,611.6168718367621
tt_25.0h,,924.5356178049645,,,460.71472469723295,765.1359912632453,783.2082777576381,1111.4198923416004,,627.1201764931245,,,438.66790937294843,627.8142566810266,499.36739560108066,,,469.7471502637916,,604.0442742931181,374.85295116659665,,350.0879544371088,649.7124034124066,739.9851331407538,,,,,651.2462927940614,572.6434038699658,612.8412760774032
tt_25.1h,,927.4370344871935,,,462.36276128389653,765.4062087014519,785.0535716486595,1115.123030960717,,628.5813520844264,,,440.59065867306526,629.44611216953,499.27417017659286,,,469.7815581713992,,605.8809302186212,374.679049007756,,350.0879544371088,650.7377422493462,740.1116564679287,,,,,652.3408336203581,573.9023632732601,614.057987497829
tt_25.2h,,927.4370344871935,,,462.36276128389653,767.2663700068717,786.8711564122623,1118.7719584203624,,628.5813520844264,,,440.59065867306526,631.0367247192329,501.9895523831537,,,469.81483402937346,,605.8809302186212,374.70684658392724,,350.0879544371088,650.7377422493462,741.4934854376712,,,,,653.4280090227815,575.1360709132748,615.2595224999885
tt_25.3h,,929.075218499294,,,462.33485057220275,769.0700786006485,788.6717305271081,1122.3747553568255,,628.722700608038,,,440.6743173193886,632.5976908613011,499.2748094655641,,,469.84700390531134,,605.941183907527,374.7288657993857,,350.0879544371088,651.7661848555506,742.8332018819636,,,,,654.5080756053546,576.3461022389524,616.446702061169
tt_25.4h,,931.9633066971882,,,463.93693854921105,771.0727136015831,790.4522566118894,1127.3492370399122,,630.1949651369599,,,442.42215340424,634.1185651393279,501.9551679778468,,,469.8780936874853,,607.766218694116,374.7288657993857,,350.0879544371088,652.7977491630381,744.1501622847379,,,,,655.5812742486537,577.5339458194396,617.6203045566405
tt_25.5h,,934.8610429181186,,,462.27289695021506,773.3271127555709,792.2139072923937,1132.1492662554504,,631.6291733649036,,,440.73550142375416,634.1185651393279,504.61489954984233,,,469.9081290695828,,609.4938110449027,374.5346812257401,,350.0879544371088,653.8324126739718,745.6878879867387,,,,,656.6478306415264,577.5339458194396,618.7810675900978
tt_25.6h,,933.6476444340325,,,463.9414655707576,775.5094868660088,793.9576921353492,1136.794765619908,,633.2249364671134,,,442.5594815487427,633.9081734498214,501.8556101707981,,,469.93713553590203,,611.3977507068222,374.5452149733427,,350.0879544371088,654.870186368792,747.2884918238174,,,,,657.7079557786822,577.5573499184464,619.9296897717479
tt_25.7h,,936.5230691370326,,,465.45179863473174,777.6152359263855,795.6878524763323,1141.301815971132,,631.8068394154498,,,444.65090371881007,635.4711377687601,504.49870852580256,,,469.9651383470341,,609.6345602151312,374.5498332638006,,350.0879544371088,654.870186368792,748.8656982416951,,,,,658.7618464195182,578.7585318922345,621.0668324402161
tt_25.8h,,939.687473589259,,,463.91154141052795,779.6574933900504,797.4050923918596,1145.6902851147565,,633.2671144042216,,,442.6729595724955,636.9905639434761,501.78281538982486,,,469.9921625260332,,611.3626802530362,374.3355163382714,,350.0879544371088,655.9110701657636,750.4198176534762,,,,,659.8498800363594,579.946584596153,622.1931213255225
tt_25.9h,,943.5010704405232,,,465.48507614481827,781.6394568090454,799.108902582523,1149.9744463565721,,634.7115298430647,,,444.5540783557342,638.4823243172764,504.51143584550215,,,470.019609238625,,613.2475594715048,374.3341743526227,,350.0879544371088,656.9546299569023,751.9568185659359,,,,,660.9723630092013,581.1143593004714,623.3091481514768
tt_26.0h,,941.0987671837703,,,467.0696740462281,781.8517584618166,800.799834263277,1154.167044681459,,636.3701817964816,,,442.7651349277866,639.933193301453,507.19448071598464,,,469.99921637954895,,615.2026093217103,374.3267842402098,,350.0879544371088,658.0008890790848,753.4717130031919,,,,,662.0861049117946,582.2631353817592,624.4154721771333
tt_26.1h,,944.5012207901975,,,465.4744296462214,781.8517584618166,802.4811332061801,1158.2821635134485,,636.3192475039426,,,444.49528229354837,641.3505295795159,504.47269708470384,,,470.02716090927913,,613.2355791079073,374.313310834962,,350.0879544371088,659.0498035735027,754.9688693256016,,,,,663.1913874911602,583.3941186832512,625.5126216787313
tt_26.2h,,948.2849446691795,,,467.03079101420957,783.9096615728482,804.1523164070259,1162.3281316540051,,636.3192475039426,,,444.647286048993,639.8737715978955,507.1097467519602,,,470.05412706060997,,615.1310164519053,374.1107216500479,,350.0879544371088,659.0498035735027,754.988113575851,,,,,664.2884413081504,584.6720224937002,626.6163098931654
tt_26.3h,,949.3146016410795,,,468.64691041340444,785.9086566415618,805.8140552014856,1166.3156180929311,,637.8574084145181,,,444.647286048993,641.3635949881661,509.7419412461716,,,470.05412706060997,,617.0905350128844,374.092159721359,,350.0879544371088,660.1013955995148,754.988113575851,,,,,665.3774832656547,585.9290825562678,627.8217871322377
tt_26.4h,,949.3146016410795,,,468.60133690226394,787.8567902042923,807.4672309068111,1170.2527649530587,,639.5054095718482,,,446.75510834584935,642.8100768169709,507.0166205018913,,,470.08013952104454,,618.9282537821513,374.06774672782484,,350.0879544371088,661.1556665940128,756.5546874682507,,,,,666.4587171663143,585.816239418205,629.0143573169074
tt_26.5h,,953.0852961035023,,,468.60133690226394,789.8873400098737,809.2905379815122,1174.1473607657745,,639.3609215072992,,,444.76957791560983,644.2286736395989,509.7570357262033,,,470.10522271225256,,618.9616318899431,373.8371797428074,,350.0879544371088,662.2126184835362,758.101157805893,,,,,667.532334266436,587.0595014234312,630.1946560088435
tt_26.6h,,954.1416592422263,,,470.21927735482194,792.3224363021918,811.198363100339,1178.0061149706603,,640.9814953856675,,,446.6620254169497,645.7029618224824,509.71795640907595,,,470.1294007776285,,618.9616318899431,373.8371797428074,,350.0879544371088,663.2722536375596,759.6343193892528,,,,,668.598513828105,588.3194590164484,631.3630105282404
tt_26.7h,,954.1416592422263,,,470.2048220305328,794.6736462078607,813.0869791287159,1181.8346106196518,,640.9814953856675,,,446.5478681154743,645.6667938153823,509.71795640907595,,,470.15269757034986,,620.8023785810091,373.8005041382593,,350.0879544371088,663.2722536375596,761.152054753918,,,,,669.6574236719027,588.3194590164484,632.5198323491904
tt_26.8h,,957.896337928586,,,470.2048220305328,796.952884622693,814.9560036061431,1185.6375260224695,,642.6038895818591,,,446.5478681154743,647.0918735325947,512.3322665086399,,,470.17513664192865,,622.553413947183,373.75776081724433,,350.0879544371088,664.3345747735918,762.7476623656288,,,,,670.709220733039,589.5571734395362,632.5457913874588
tt_26.9h,,961.4847487196089,,,471.7736561169655,796.7334925941581,816.808990542024,1190.1796190250027,,642.4326103184994,,,448.91044595555076,647.0918735325947,512.2450912678548,,,470.1981700424321,,622.6932063003795,373.5034156389882,,350.0879544371088,665.3995847992737,764.5589747849828,,,,,671.7540516242744,590.773927680976,633.7213108425999
tt_27.0h,,962.7211792990911,,,471.7891701137363,799.1082278688758,818.6448537829023,1195.1354089525048,,644.088830842821,,,448.8538355901196,648.4933861405991,512.2450912678548,,,470.22229029684195,,624.4414151550981,373.5034156389882,,350.0879544371088,666.4672865666804,766.341136234215,,,,,672.7920532096214,591.9709342144185,634.8851019812769
tt_27.1h,,962.7211792990911,,,471.7891701137363,801.41261470631,820.4657563935086,1199.9726857905937,,644.088830842821,,,448.8538355901196,650.0892327476246,512.2455712304104,,,470.2455326687968,,624.4414151550981,373.44776483615357,,350.0879544371088,667.5445075447086,768.1029976073546,,,,,673.8233531938029,593.1493378243783,636.0376808321553
tt_27.2h,,966.3092877956168,,,471.76775437514823,803.640621659732,822.271001208811,1204.7043241774732,,645.6964915654895,,,448.76370485053616,651.6603824417418,514.9185011976151,,,470.26792289526344,,626.1712649985069,373.175260312179,,350.0879544371088,667.5445075447086,767.6497423924573,,,,,674.8480707342189,594.3102184219382,637.1795339725367
tt_27.3h,,967.5284490924573,,,473.31757688963984,803.640621659732,824.0632918135904,1209.337810068203,,647.2527167978992,,,448.76370485053616,651.3541959241383,514.9185011976151,,,470.2894839572961,,626.3226685360637,373.1062210127557,,350.0879544371088,668.6176526571431,769.4891439828297,,,,,675.8663170841166,594.3602017925152,638.3111196736784
tt_27.4h,,971.1145188631692,,,473.31757688963984,805.817870364059,825.8431375484155,1213.8888976629248,,647.1693270829302,,,448.6380002118117,652.8427434502761,514.7963375291556,,,470.31023852148496,,628.027842553545,373.1062210127557,,350.0879544371088,669.693493567546,771.3078910512725,,,,,676.8781962815863,595.5424824474964,639.4328689995904
tt_27.5h,,971.1145188631692,,,473.3239828700853,807.9402417085339,827.6109944802791,1218.3649715714748,,648.7628861210451,,,450.9731620601917,654.4179311809714,514.7963375291556,,,470.3302089302909,,630.0526133701183,373.0309041139267,,350.0879544371088,670.7720275695316,773.10058105546,,,,,677.8838059050257,596.7073556117329,640.545186858865
tt_27.6h,,972.347173806927,,,474.85113921131267,810.0238190218436,829.3664447667026,1227.1284721278619,,648.7628861210451,,,450.9731620601917,654.4179311809714,514.7644010372394,,,470.3014210223807,,630.0526133701183,372.76122646510356,,350.0879544371088,671.8532480721378,774.8700062897578,,,,,678.8832379212961,597.8558079344763,641.6484530093816
tt_27.7h,,975.9409258121414,,,474.85113921131267,810.38224379549,832.8470798338083,1231.4285434368974,,650.3081727644992,,,450.91709084437474,655.9613464486428,517.4342018650257,,,470.32021688455154,,629.8965592326491,372.68081627397044,,350.0879544371088,671.8532480721378,776.6226422670376,,,,,679.8765798051536,598.9887685422144,642.7430230159051
tt_27.8h,,975.9409258121414,,,474.8858683972567,812.5324293367903,834.5721405990973,1235.6824624890567,,650.2580400265601,,,453.055514273867,657.4723736158936,517.4342018650257,,,470.3409143338366,,631.8977252633916,372.68081627397044,,350.0879544371088,672.9371431166891,778.3536601549432,,,,,679.774115926899,598.9887685422144,643.8292291607424
tt_27.9h,,977.2003972315947,,,476.39527696819215,814.6445852601221,836.2882701285274,1239.8959129517236,,651.8336255027235,,,450.8401881988284,657.1504041107925,517.3587715747709,,,470.3608260114749,,633.8266735176551,372.39639276668254,,350.0879544371088,674.0236941212243,780.069794387123,,,,,680.7758445762096,600.0990570463898,644.9073813076269
tt_28.0h,,980.8053990009006,,,476.39527696819215,816.7191588761766,837.9958310164847,1244.071683349386,,653.3693392342351,,,453.06355262601335,658.7076142964983,519.9469170176515,,,470.3799738033253,,635.6509657890991,372.3061815440864,,350.0879544371088,675.112894226488,780.069794387123,,,,,681.7706097306642,601.326098625542,645.97776771881
tt_28.1h,,984.2825346890227,,,476.4046678794724,818.9370141611179,839.6949350927525,1248.2166986050079,,653.3693392342351,,,453.06355262601335,660.2244776967848,519.9469170176515,,,470.398379248209,,635.6509657890991,372.21143634154834,,350.0879544371088,676.204622426708,781.7707770160803,,,,,682.758459425887,601.3740104907383,647.0406558248255
tt_28.2h,,984.2825346890227,,,477.9859309094911,821.5053401907016,841.3859018372601,1252.3331696936052,,653.326019069427,,,453.0404278030501,661.7137234761959,519.9675042722291,,,470.4160635294927,,635.6767469451113,372.21143634154834,,350.0879544371088,676.204622426708,781.7667403611825,,,,,683.739433374575,602.4968519010424,648.0962929447919
tt_28.3h,,985.6887321278767,,,477.9859309094911,823.996835177114,843.0701932539008,1256.4240278812474,,654.895197538244,,,455.1573173295546,663.1753457598672,522.6184871649322,,,470.4330474671332,,637.5150624830208,371.9061574420533,,350.0879544371088,677.2911745825471,783.5308475965761,,,,,684.7135632757245,603.6216822101538,649.1449069509581
tt_28.4h,,989.179628096856,,,477.9201481966663,826.4183340269556,844.7468822475169,1260.4914592142839,,656.4182436608353,,,452.9841397777782,661.4313686390692,519.9200801251795,,,470.4493515101581,,639.2644872131716,371.8012471483942,,350.0879544371088,678.3870951805459,785.2696727072058,,,,,685.6808731207223,604.8684696263055,650.264374739742
tt_28.5h,,992.5669791461067,,,479.540305695328,828.7865397238451,846.4158228216111,1264.5395288568088,,657.9082310698694,,,455.09302590680676,662.9569223756026,522.5085997527738,,,470.46499572952314,,639.2644872131716,371.6916911764763,,350.0879544371088,679.4850961000584,787.0031979279696,,,,,686.6413794976021,606.0949275231162,651.3953407563387
tt_28.6h,,990.5447170437624,,,481.0666418178139,826.0550294445819,848.0831129379499,1268.5699017089291,,656.3709860541809,,,455.09302590680676,664.4561111179148,525.1352444449021,,,470.48009818669703,,639.3999678921055,371.499142424709,,350.0879544371088,680.58514735507,788.7206999293977,,,,,687.5950918948878,607.304149682341,652.5162210920439
tt_28.7h,,994.0598994936269,,,479.50249765752574,828.5995470052102,849.9261057333837,1272.5836718543578,,657.927845926538,,,455.107436969047,665.931487751233,522.4406433107484,,,470.49699734395557,,641.1663558704616,371.3898421248522,,350.0879544371088,680.58514735507,790.4273967810486,,,,,688.542013006626,608.4968675812236,653.627310765544
tt_28.8h,,997.4691476834171,,,481.0966207603723,831.0732904102448,851.752065997019,1276.5827457448129,,659.4434212220583,,,457.2332333272055,667.3738279491662,525.1238891508293,,,470.5132127815157,,642.8517540352354,371.275971450161,,350.0879544371088,681.687218110128,792.1202519127584,,,,,689.4821390403793,609.674448599048,654.7288826520435
tt_28.9h,,998.9770250774492,,,481.08704583780917,833.4886577913248,853.5632279501283,1280.5676253824186,,660.9291525321916,,,455.08242043743724,668.8005241074551,525.0434722150413,,,470.5287643439446,,644.7950897632363,371.1575115865893,,350.0879544371088,682.791276644234,793.8044694845877,,,,,690.4154600302107,609.5943383308411,654.6541696719598
tt_29.0h,,998.9770250774492,,,481.08704583780917,835.8505804069182,855.3589446199027,1284.5401322658388,,660.9444260538748,,,457.1787760718663,668.6519263569824,525.0434722150413,,,470.5437104990215,,643.074665068237,370.96093942861444,,350.0879544371088,683.8972902941669,795.6957874122584,,,,,691.3419601570388,609.5943383308411,655.7698968321054
tt_29.1h,,1002.4075266408427,,,482.61744497718536,838.1615853744686,857.1401044846469,1288.5004919822982,,660.9444260538748,,,457.1217216611551,668.6519263569824,527.5953218379004,,,470.5149894470652,,644.7670024370308,370.83676476655927,,350.0879544371088,685.0052253694661,797.6404305186554,,,,,692.2616180793893,610.7974033305203,656.8755728075677
tt_29.2h,,1003.9224582724769,,,482.63362592642136,840.4285272567842,858.9060927473806,1292.4491729280278,,662.4570829279819,,,457.1217216611551,670.1085099278505,524.8996301777703,,,470.52878885139353,,646.6339020700091,370.7079530990932,,350.0879544371088,685.0052253694661,799.5651664798314,,,,,693.1744072781912,611.9852393095601,657.97143477504
tt_29.3h,,1003.9224582724769,,,482.63362592642136,842.6574789181964,860.6579783962384,1297.0452189052266,,663.9366679776789,,,459.3106389577405,671.5360301580188,527.618083154519,,,470.5420431127686,,648.6163062801328,370.371141375881,,350.0879544371088,686.1148091018658,799.2287074074948,,,,,694.0802964213485,613.1586707017367,659.0576985281
tt_29.4h,,1007.3779761501017,,,484.1172944915138,844.8456783021429,862.3966507580254,1301.677908885477,,663.9467266621422,,,457.1250601028041,672.9443758016473,527.577224547114,,,470.5563781363478,,648.4658548991598,370.371141375881,,350.0879544371088,687.2264611370587,800.9318188520333,,,,,694.9792497555263,614.3184787195243,659.0576985281
tt_29.5h,,1010.7475279217576,,,484.1577267351325,845.2665062568506,864.1212650357319,1306.2410346841154,,665.4650781659931,,,459.29348566179084,674.3319317274783,527.577224547114,,,470.570811106395,,648.4658548991598,370.23186380369395,,350.0879544371088,688.3399243725488,802.7943412386561,,,,,695.8712275344946,615.4654031592823,660.1345589436962
tt_29.6h,,1012.3455713003176,,,484.1577267351325,847.5390273041284,865.8320861182395,1310.740579911445,,665.4650781659931,,,459.23499962153727,674.245039147809,530.1266217721142,,,470.570811106395,,650.4502848294343,369.904488286014,,350.0879544371088,688.3399243725488,802.7943412386561,,,,,696.756186545589,616.6001441612481,661.2021904046618
tt_29.7h,,1012.3455713003176,,,485.66603879561313,849.772744742814,867.5302745920947,1315.177940190416,,666.9343431870307,,,459.23499962153727,675.6686905406604,530.0809396807944,,,470.5846782724308,,652.3507722661794,369.76148779647997,,350.0879544371088,689.4551590827297,804.7494684989846,,,,,697.6340803327199,616.6298213942908,662.2607471749466
tt_29.8h,,1015.742056100202,,,485.688871001837,849.772744742814,869.2143316621263,1319.5537360203462,,666.9333053864746,,,461.3236047388956,675.6686905406604,530.0809396807944,,,470.59799666480376,,652.2971124879291,369.76148779647997,,350.0879544371088,690.572123193073,806.6842977040187,,,,,698.5047560663213,617.7871792374234,663.3103637221318
tt_29.9h,,1017.316095237756,,,485.688871001837,851.9703260353986,870.8858497432839,1323.872139220629,,668.4403831526083,,,461.32779415992303,677.0677773122176,532.7694633252536,,,470.610783010312,,654.2150128230904,369.6139247692041,,350.0879544371088,691.6907716599177,808.6003965009518,,,,,699.3681486422184,618.9321749361185,664.3511549778109
tt_30.0h,,1020.7537017426537,,,487.21725386460275,854.1442295865074,872.5435351193703,1328.1333387140533,,668.4403831526083,,,461.32779415992303,678.4440049958494,532.6719248396726,,,470.62305372767304,,654.2150128230904,369.2694965154308,,350.0879544371088,692.8110556750119,810.4951870993845,,,,,700.2241892439088,620.0654612616787,665.3832165184267
tt_30.1h,,1020.7537017426537,,,487.1724039033834,856.4548254675423,874.1894877242694,1332.3383345299228,,669.9162250138642,,,461.2973292306122,678.3424903722995,532.6719248396726,,,470.6348249234266,,656.0516675544619,369.12438598408033,,350.0879544371088,692.8110556750119,812.3710128492987,,,,,701.0728056470613,620.0654612616787,666.4066246320061
tt_30.2h,,1022.3191941741193,,,487.1724039033834,859.1125595649895,873.8345207074749,1336.4877538739702,,671.3586127345075,,,461.2973292306122,679.7501001432692,532.5441873618173,,,470.64611238824165,,656.0820932022981,369.12438598408033,,350.0879544371088,693.9325434649246,814.2307577701118,,,,,701.9139225385745,621.1876553160265,667.4214361956001
tt_30.3h,,1025.7923736570026,,,488.77345860690093,859.1561180843089,875.5009023700297,1340.5818710166777,,671.4248954963534,,,461.2298536753982,681.1385001616969,535.2300921882858,,,470.6576611744778,,657.9341798805915,368.7843476110288,,350.0879544371088,695.0559022035678,813.7718530343303,,,,,702.7474618528458,622.2993400582133,668.4276881811702
tt_30.4h,,1025.7923736570026,,,488.7181047494582,861.3464923426767,877.1525283284078,1344.6206258905004,,672.8940609712079,,,463.3473764512012,682.5080010217786,535.2300921882858,,,470.6699818580463,,659.708737714003,368.6499545561057,,350.0879544371088,696.180734853683,815.6990605952897,,,,,703.5733431282895,623.4010657596492,669.4254066737802
